,,DS1,DS1,DS1,DS1,DS10,DS10,DS10,DS10,DS11,DS11,DS11,DS11,DS12,DS12,DS12,DS12,DS13,DS13,DS13,DS13,DS14,DS14,DS14,DS14,DS15,DS15,DS15,DS15,DS2,DS2,DS2,DS2,DS3,DS3,DS3,DS3,DS4,DS4,DS4,DS4,DS5,DS5,DS5,DS5,DS6,DS6,DS6,DS6,DS7,DS7,DS7,DS7,DS8,DS8,DS8,DS8,DS9,DS9,DS9,DS9,DV,Incomplete,Quantity,Description
,,Family,LongLeadTime,Theta_0,Theta_1,Family,LongLeadTime,Theta_0,Theta_1,Family,LongLeadTime,Theta_0,Theta_1,Family,LongLeadTime,Theta_0,Theta_1,Family,LongLeadTime,Theta_0,Theta_1,Family,LongLeadTime,Theta_0,Theta_1,Family,LongLeadTime,Theta_0,Theta_1,Family,LongLeadTime,Theta_0,Theta_1,Family,LongLeadTime,Theta_0,Theta_1,Family,LongLeadTime,Theta_0,Theta_1,Family,LongLeadTime,Theta_0,Theta_1,Family,LongLeadTime,Theta_0,Theta_1,Family,LongLeadTime,Theta_0,Theta_1,Family,LongLeadTime,Theta_0,Theta_1,Family,LongLeadTime,Theta_0,Theta_1,Unit,,Unit,
B.10.31.001,Carbon,,,,,,,,,,,,,,,,,,,,,,,,,,,,,normal,,1400.98,0.44704,normal,,1425.07,0.45394,normal,,1848.35,0.45787,,,,,,,,,,,,,,,,,,,,,kg,0,1 EA,Bolted shear tab gravity connections
B.10.31.001,Cost,lognormal,,"10536,8176|5,20",0.38359,,,,,,,,,,,,,,,,,,,,,,,,,normal,,"16536,10176|5,20",0.3706,normal,,"15564,11024.5|5,20",0.37889,normal,,"15264,10812|5,20",0.38359,,,,,,,,,,,,,,,,,,,,,USD_2011,0,1 EA,Bolted shear tab gravity connections
B.10.31.001,Energy,,,,,,,,,,,,,,,,,,,,,,,,,,,,,normal,,19347.06,0.44704,normal,,20086.33,0.45394,normal,,32234.95,0.45787,,,,,,,,,,,,,,,,,,,,,MJ,0,1 EA,Bolted shear tab gravity connections
B.10.31.001,Time,,0,,,,,,,,,,,,,,,,,,,,,,,,,,,normal,0,"16.0497,9.87672|5,20",0.44704,normal,0,"15.1062,10.7002|5,20",0.45394,normal,0,"14.8151,10.494|5,20",0.45787,,,,,,,,,,,,,,,,,,,,,worker_day,0,1 EA,Bolted shear tab gravity connections
B.10.31.011a,Carbon,,,,,,,,,,,,,,,,,,,,,,,,,,,,,lognormal,,4188.93,0.47762,lognormal,,5905.11,0.4436,lognormal,,10066.43,0.42477,,,,,,,,,,,,,,,,,,,,,kg,0,1 EA,"Steel Column Base Plates, Column W < 150 plf"
B.10.31.011a,Cost,lognormal,,"5000,2000|5,20",0.25,,,,,,,,,,,,,,,,,,,,,,,,,lognormal,,"25363,15608|5,20",0.40697,lognormal,,"31464,22287|5,20",0.36645,lognormal,,"36744,26027|5,20",0.34341,,,,,,,,,,,,,,,,,,,,,USD_2011,0,1 EA,"Steel Column Base Plates, Column W < 150 plf"
B.10.31.011a,Energy,,,,,,,,,,,,,,,,,,,,,,,,,,,,,lognormal,,55561.99,0.47762,lognormal,,104179.01,0.4436,lognormal,,150387.51,0.42477,,,,,,,,,,,,,,,,,,,,,MJ,0,1 EA,"Steel Column Base Plates, Column W < 150 plf"
B.10.31.011a,Time,,0,,,,,,,,,,,,,,,,,,,,,,,,,,,lognormal,0,"24.6171,15.149|5,20",0.47762,lognormal,0,"30.5386,21.6315|5,20",0.4436,lognormal,0,"35.6633,25.2615|5,20",0.42477,,,,,,,,,,,,,,,,,,,,,worker_day,0,1 EA,"Steel Column Base Plates, Column W < 150 plf"
B.10.31.011b,Carbon,,,,,,,,,,,,,,,,,,,,,,,,,,,,,lognormal,,4266.02,0.46456,lognormal,,192.73,0.42345,lognormal,,385.45,0.39496,,,,,,,,,,,,,,,,,,,,,kg,0,1 EA,"Steel Column Base Plates, Column 150 plf < W < 300 plf"
B.10.31.011b,Cost,lognormal,,"5000,2000|5,20",0.25,,,,,,,,,,,,,,,,,,,,,,,,,lognormal,,"26403,16248|5,20",0.39156,lognormal,,"33864,23987|5,20",0.34177,lognormal,,"41544,29427|5,20",0.30576,,,,,,,,,,,,,,,,,,,,,USD_2011,0,1 EA,"Steel Column Base Plates, Column 150 plf < W < 300 plf"
B.10.31.011b,Energy,,,,,,,,,,,,,,,,,,,,,,,,,,,,,lognormal,,57927.64,0.46456,lognormal,,5914.11,0.42345,lognormal,,11828.22,0.39496,,,,,,,,,,,,,,,,,,,,,MJ,0,1 EA,"Steel Column Base Plates, Column 150 plf < W < 300 plf"
B.10.31.011b,Time,,0,,,,,,,,,,,,,,,,,,,,,,,,,,,lognormal,0,"19.4139,11.947|5,20",0.46456,lognormal,0,"24.9,17.6375|5,20",0.42345,lognormal,0,"30.5471,21.6375|5,20",0.39496,,,,,,,,,,,,,,,,,,,,,worker_day,0,1 EA,"Steel Column Base Plates, Column 150 plf < W < 300 plf"
B.10.31.011c,Carbon,,,,,,,,,,,,,,,,,,,,,,,,,,,,,lognormal,,4381.66,0.44695,lognormal,,481.82,0.39857,lognormal,,867.27,0.36717,,,,,,,,,,,,,,,,,,,,,kg,0,1 EA,"Steel Column Base Plates, Column W > 300 plf"
B.10.31.011c,Cost,lognormal,,"5000,2000|5,20",0.25,,,,,,,,,,,,,,,,,,,,,,,,,lognormal,,"27963,17208|5,20",0.37049,lognormal,,"37464,26537|5,20",0.31042,lognormal,,"47544,33677|5,20",0.26892,,,,,,,,,,,,,,,,,,,,,USD_2011,0,1 EA,"Steel Column Base Plates, Column W > 300 plf"
B.10.31.011c,Energy,,,,,,,,,,,,,,,,,,,,,,,,,,,,,lognormal,,61476.11,0.44695,lognormal,,14785.28,0.39857,lognormal,,26613.5,0.36717,,,,,,,,,,,,,,,,,,,,,MJ,0,1 EA,"Steel Column Base Plates, Column W > 300 plf"
B.10.31.011c,Time,,0,,,,,,,,,,,,,,,,,,,,,,,,,,,lognormal,0,"18.505,11.3877|5,20",0.44695,lognormal,0,"24.7924,17.5613|5,20",0.39857,lognormal,0,"31.4629,22.2862|5,20",0.36717,,,,,,,,,,,,,,,,,,,,,worker_day,0,1 EA,"Steel Column Base Plates, Column W > 300 plf"
B.10.31.021a,Carbon,,,,,,,,,,,,,,,,,,,,,,,,,,,,,normal,,1018.18,0.40984,lognormal,,1018.18,0.39208,,,,,,,,,,,,,,,,,,,,,,,,,kg,0,1 EA,"Welded column splices, Column W < 150 plf"
B.10.31.021a,Cost,lognormal,,"5000,2000|5,20",0.25,,,,,,,,,,,,,,,,,,,,,,,,,normal,,"12142,7472|5,20",0.32475,lognormal,,"13608,9639|5,20",0.30204,,,,,,,,,,,,,,,,,,,,,,,,,USD_2011,0,1 EA,"Welded column splices, Column W < 150 plf"
B.10.31.021a,Energy,,,,,,,,,,,,,,,,,,,,,,,,,,,,,normal,,16516.66,0.40984,lognormal,,16516.66,0.39208,,,,,,,,,,,,,,,,,,,,,,,,,MJ,0,1 EA,"Welded column splices, Column W < 150 plf"
B.10.31.021a,Time,,0,,,,,,,,,,,,,,,,,,,,,,,,,,,normal,0,"11.7849,7.25224|5,20",0.40984,lognormal,0,"13.2078,9.35553|5,20",0.39208,,,,,,,,,,,,,,,,,,,,,,,,,worker_day,0,1 EA,"Welded column splices, Column W < 150 plf"
B.10.31.021b,Carbon,,,,,,,,,,,,,,,,,,,,,,,,,,,,,normal,,77.09,0.39005,normal,,192.73,0.36703,,,,,,,,,,,,,,,,,,,,,,,,,kg,0,1 EA,"Welded column splices, Column 150 plf < W < 300 plf"
B.10.31.021b,Cost,lognormal,,"5000,2000|5,20",0.25,,,,,,,,,,,,,,,,,,,,,,,,,normal,,"13182,8112|5,20",0.2994,normal,,"16008,11339|5,20",0.26872,,,,,,,,,,,,,,,,,,,,,,,,,USD_2011,0,1 EA,"Welded column splices, Column 150 plf < W < 300 plf"
B.10.31.021b,Energy,,,,,,,,,,,,,,,,,,,,,,,,,,,,,normal,,2365.64,0.39005,normal,,5914.11,0.36703,,,,,,,,,,,,,,,,,,,,,,,,,MJ,0,1 EA,"Welded column splices, Column 150 plf < W < 300 plf"
B.10.31.021b,Time,,0,,,,,,,,,,,,,,,,,,,,,,,,,,,normal,0,"9.69266,5.96472|5,20",0.39005,normal,0,"11.7706,8.33748|5,20",0.36703,,,,,,,,,,,,,,,,,,,,,,,,,worker_day,0,1 EA,"Welded column splices, Column 150 plf < W < 300 plf"
B.10.31.021c,Carbon,,,,,,,,,,,,,,,,,,,,,,,,,,,,,normal,,192.73,0.36651,normal,,481.82,0.34384,,,,,,,,,,,,,,,,,,,,,,,,,kg,0,1 EA,"Welded column splices, Column W > 300 plf"
B.10.31.021c,Cost,lognormal,,"5000,2000|5,20",0.25,,,,,,,,,,,,,,,,,,,,,,,,,normal,,"14742,9072|5,20",0.26801,normal,,"19608,13889|5,20",0.23607,,,,,,,,,,,,,,,,,,,,,,,,,USD_2011,0,1 EA,"Welded column splices, Column W > 300 plf"
B.10.31.021c,Energy,,,,,,,,,,,,,,,,,,,,,,,,,,,,,normal,,5914.11,0.36651,normal,,14785.28,0.34384,,,,,,,,,,,,,,,,,,,,,,,,,MJ,0,1 EA,"Welded column splices, Column W > 300 plf"
B.10.31.021c,Time,,0,,,,,,,,,,,,,,,,,,,,,,,,,,,normal,0,"9.75572,6.00352|5,20",0.36651,normal,0,"12.9758,9.19121|5,20",0.34384,,,,,,,,,,,,,,,,,,,,,,,,,worker_day,0,1 EA,"Welded column splices, Column W > 300 plf"
B.10.33.002a,Carbon,normal,,6967.05,0.41444,,,,,,,,,,,,,,,,,,,,,,,,,normal,,7845.12,0.40619,normal,,7570.86,0.40526,,,,,,,,,,,,,,,,,,,,,,,,,kg,0,1 EA,"Special Concentric Braced Frame w WF braces, balanced design criteria, Single Diagonal Brace, Brace w < 40 PLF"
B.10.33.002a,Cost,normal,,"46307,28496.6|5,20",0.33055,,,,,,,,,,,,,,,,,,,,,,,,,normal,,"46705.4,33083|5,20",0.32014,normal,,"47005.4,33295.5|5,20",0.31896,normal,,"47005.4,33295.5|5,20",0.31896,,,,,,,,,,,,,,,,,,,,,USD_2011,0,1 EA,"Special Concentric Braced Frame w WF braces, balanced design criteria, Single Diagonal Brace, Brace w < 40 PLF"
B.10.33.002a,Energy,normal,,87499.61,0.41444,,,,,,,,,,,,,,,,,,,,,,,,,normal,,113088.5,0.40619,normal,,105095.87,0.40526,,,,,,,,,,,,,,,,,,,,,,,,,MJ,0,1 EA,"Special Concentric Braced Frame w WF braces, balanced design criteria, Single Diagonal Brace, Brace w < 40 PLF"
B.10.33.002a,Time,normal,0,"30.6444,18.8581|5,20",0.41444,,,,,,,,,,,,,,,,,,,,,,,,,normal,0,"30.908,21.8932|5,20",0.40619,normal,0,"31.1065,22.0338|5,20",0.40526,normal,0,"31.1065,22.0338|5,20",0.40526,,,,,,,,,,,,,,,,,,,,,worker_day,0,1 EA,"Special Concentric Braced Frame w WF braces, balanced design criteria, Single Diagonal Brace, Brace w < 40 PLF"
B.10.33.002b,Carbon,normal,,6967.05,0.41444,,,,,,,,,,,,,,,,,,,,,,,,,normal,,9290.15,0.39621,normal,,9290.15,0.3909,,,,,,,,,,,,,,,,,,,,,,,,,kg,0,1 EA,"Special Concentric Braced Frame w WF braces, balanced design criteria, Single Diagonal Brace, 41 PLF < w < 99 PLF"
B.10.33.002b,Cost,normal,,"46307,28496.6|5,20",0.33055,,,,,,,,,,,,,,,,,,,,,,,,,normal,,"51447.3,36441.8|5,20",0.30738,normal,,"55047.3,38991.8|5,20",0.30051,normal,,"55047.3,38991.8|5,20",0.30051,,,,,,,,,,,,,,,,,,,,,USD_2011,0,1 EA,"Special Concentric Braced Frame w WF braces, balanced design criteria, Single Diagonal Brace, 41 PLF < w < 99 PLF"
B.10.33.002b,Energy,normal,,87499.61,0.41444,,,,,,,,,,,,,,,,,,,,,,,,,normal,,155199.63,0.39621,normal,,155199.63,0.3909,,,,,,,,,,,,,,,,,,,,,,,,,MJ,0,1 EA,"Special Concentric Braced Frame w WF braces, balanced design criteria, Single Diagonal Brace, 41 PLF < w < 99 PLF"
B.10.33.002b,Time,normal,0,"30.6444,18.8581|5,20",0.41444,,,,,,,,,,,,,,,,,,,,,,,,,normal,0,"34.046,24.116|5,20",0.39621,normal,0,"36.4284,25.8035|5,20",0.39091,normal,0,"36.4284,25.8035|5,20",0.39091,,,,,,,,,,,,,,,,,,,,,worker_day,0,1 EA,"Special Concentric Braced Frame w WF braces, balanced design criteria, Single Diagonal Brace, 41 PLF < w < 99 PLF"
B.10.33.002c,Carbon,normal,,6967.05,0.41444,,,,,,,,,,,,,,,,,,,,,,,,,normal,,11484.97,0.38711,normal,,11484.97,0.38025,,,,,,,,,,,,,,,,,,,,,,,,,kg,0,1 EA,"Special Concentric Braced Frame w WF braces, balanced design criteria, Single Diagonal Brace, Brace w > 100 PLF"
B.10.33.002c,Cost,normal,,"46307,28496.6|5,20",0.33055,,,,,,,,,,,,,,,,,,,,,,,,,normal,,"58049.6,41118.5|5,20",0.29555,normal,,"64649.6,45793.5|5,20",0.28652,normal,,"64649.6,45793.5|5,20",0.28652,,,,,,,,,,,,,,,,,,,,,USD_2011,0,1 EA,"Special Concentric Braced Frame w WF braces, balanced design criteria, Single Diagonal Brace, Brace w > 100 PLF"
B.10.33.002c,Energy,normal,,87499.61,0.41444,,,,,,,,,,,,,,,,,,,,,,,,,normal,,219161.44,0.38711,normal,,219161.44,0.38025,,,,,,,,,,,,,,,,,,,,,,,,,MJ,0,1 EA,"Special Concentric Braced Frame w WF braces, balanced design criteria, Single Diagonal Brace, Brace w > 100 PLF"
B.10.33.002c,Time,normal,0,"30.6444,18.8581|5,20",0.41444,,,,,,,,,,,,,,,,,,,,,,,,,normal,0,"38.4152,27.2108|5,20",0.38711,normal,0,"42.7829,30.3045|5,20",0.38025,normal,0,"42.7829,30.3045|5,20",0.38025,,,,,,,,,,,,,,,,,,,,,worker_day,0,1 EA,"Special Concentric Braced Frame w WF braces, balanced design criteria, Single Diagonal Brace, Brace w > 100 PLF"
B.10.33.111a,Carbon,normal,,8800.16,0.39967,,,,,,,,,,,,,,,,,,,,,,,,,,,,,,,,,,,,,,,,,,,,,,,,,,,,,,,,,kg,0,1 EA,"Steel Buckling Restrained Brace (BRB), Single Diagonal Brace, Weight of brace < 40 plf."
B.10.33.111a,Cost,normal,,"53992.7,33226.2|5,20",0.31183,,,,,,,,,,,,,,,,,,,,,,,,,,,,,,,,,,,,,,,,,,,,,,,,,,,,,,,,,USD_2011,0,1 EA,"Steel Buckling Restrained Brace (BRB), Single Diagonal Brace, Weight of brace < 40 plf."
B.10.33.111a,Energy,normal,,140920.31,0.39967,,,,,,,,,,,,,,,,,,,,,,,,,,,,,,,,,,,,,,,,,,,,,,,,,,,,,,,,,MJ,0,1 EA,"Steel Buckling Restrained Brace (BRB), Single Diagonal Brace, Weight of brace < 40 plf."
B.10.33.111a,Time,normal,0,"35.7304,21.9879|5,20",0.39967,,,,,,,,,,,,,,,,,,,,,,,,,,,,,,,,,,,,,,,,,,,,,,,,,,,,,,,,,worker_day,0,1 EA,"Steel Buckling Restrained Brace (BRB), Single Diagonal Brace, Weight of brace < 40 plf."
B.10.33.111b,Carbon,normal,,12158.52,0.38385,,,,,,,,,,,,,,,,,,,,,,,,,,,,,,,,,,,,,,,,,,,,,,,,,,,,,,,,,kg,0,1 EA,"Steel Buckling Restrained Brace (BRB), Single Diagonal brace, Weight of brace > 41 plf and < 99 plf."
B.10.33.111b,Cost,normal,,"65931.5,40573.2|5,20",0.29127,,,,,,,,,,,,,,,,,,,,,,,,,,,,,,,,,,,,,,,,,,,,,,,,,,,,,,,,,USD_2011,0,1 EA,"Steel Buckling Restrained Brace (BRB), Single Diagonal brace, Weight of brace > 41 plf and < 99 plf."
B.10.33.111b,Energy,normal,,238789.99,0.38385,,,,,,,,,,,,,,,,,,,,,,,,,,,,,,,,,,,,,,,,,,,,,,,,,,,,,,,,,MJ,0,1 EA,"Steel Buckling Restrained Brace (BRB), Single Diagonal brace, Weight of brace > 41 plf and < 99 plf."
B.10.33.111b,Time,normal,0,"43.6311,26.8499|5,20",0.38385,,,,,,,,,,,,,,,,,,,,,,,,,,,,,,,,,,,,,,,,,,,,,,,,,,,,,,,,,worker_day,0,1 EA,"Steel Buckling Restrained Brace (BRB), Single Diagonal brace, Weight of brace > 41 plf and < 99 plf."
B.10.33.111c,Carbon,normal,,16402.18,0.37355,,,,,,,,,,,,,,,,,,,,,,,,,,,,,,,,,,,,,,,,,,,,,,,,,,,,,,,,,kg,0,1 EA,"Steel Buckling Restrained Brace (BRB), Single Diagonal Brace, Weight of brace > 100 plf."
B.10.33.111c,Cost,normal,,"80367.6,49457|5,20",0.27756,,,,,,,,,,,,,,,,,,,,,,,,,,,,,,,,,,,,,,,,,,,,,,,,,,,,,,,,,USD_2011,0,1 EA,"Steel Buckling Restrained Brace (BRB), Single Diagonal Brace, Weight of brace > 100 plf."
B.10.33.111c,Energy,normal,,362459.2,0.37355,,,,,,,,,,,,,,,,,,,,,,,,,,,,,,,,,,,,,,,,,,,,,,,,,,,,,,,,,MJ,0,1 EA,"Steel Buckling Restrained Brace (BRB), Single Diagonal Brace, Weight of brace > 100 plf."
B.10.33.111c,Time,normal,0,"53.1844,32.7289|5,20",0.37355,,,,,,,,,,,,,,,,,,,,,,,,,,,,,,,,,,,,,,,,,,,,,,,,,,,,,,,,,worker_day,0,1 EA,"Steel Buckling Restrained Brace (BRB), Single Diagonal Brace, Weight of brace > 100 plf."
B.10.35.001,Carbon,normal,,3049.47,0.43244,,,,,,,,,,,,,,,,,,,,,,,,,normal,,7991.65,0.39468,normal,,7991.65,0.39468,,,,,,,,,,,,,,,,,,,,,,,,,kg,0,1 EA,"Post-Northridge RBS connection with welded web, beam one side of column only, beam depth <= W27"
B.10.35.001,Cost,normal,,"21750,14790|3,7",0.35285,,,,,,,,,,,,,,,,,,,,,,,,,normal,,"36625,24905|3,7",0.3054,normal,,"36625,24905|3,7",0.3054,,,,,,,,,,,,,,,,,,,,,,,,,USD_2011,0,1 EA,"Post-Northridge RBS connection with welded web, beam one side of column only, beam depth <= W27"
B.10.35.001,Energy,normal,,33086.21,0.43244,,,,,,,,,,,,,,,,,,,,,,,,,normal,,127850.77,0.39468,normal,,127850.77,0.39468,,,,,,,,,,,,,,,,,,,,,,,,,MJ,0,1 EA,"Post-Northridge RBS connection with welded web, beam one side of column only, beam depth <= W27"
B.10.35.001,Time,normal,0,"12.7941,8.70001|3,7",0.43244,,,,,,,,,,,,,,,,,,,,,,,,,normal,0,"21.5441,14.65|3,7",0.39468,normal,0,"21.5441,14.65|3,7",0.39468,,,,,,,,,,,,,,,,,,,,,,,,,worker_day,0,1 EA,"Post-Northridge RBS connection with welded web, beam one side of column only, beam depth <= W27"
B.10.35.002,Carbon,normal,,3049.47,0.4157,,,,,,,,,,,,,,,,,,,,,,,,,normal,,8846.65,0.3784,normal,,8846.65,0.3784,,,,,,,,,,,,,,,,,,,,,,,,,kg,0,1 EA,"Post-Northridge RBS connection with welded web, beam one side of column only, beam depth >= W30"
B.10.35.002,Cost,normal,,"23000,15640|3,7",0.33213,,,,,,,,,,,,,,,,,,,,,,,,,normal,,"40500,27540|3,7",0.28405,normal,,"40500,27540|3,7",0.28405,,,,,,,,,,,,,,,,,,,,,,,,,USD_2011,0,1 EA,"Post-Northridge RBS connection with welded web, beam one side of column only, beam depth >= W30"
B.10.35.002,Energy,normal,,33086.21,0.4157,,,,,,,,,,,,,,,,,,,,,,,,,normal,,152886.41,0.3784,normal,,152886.41,0.3784,,,,,,,,,,,,,,,,,,,,,,,,,MJ,0,1 EA,"Post-Northridge RBS connection with welded web, beam one side of column only, beam depth >= W30"
B.10.35.002,Time,normal,0,"13.5294,9.19997|3,7",0.4157,,,,,,,,,,,,,,,,,,,,,,,,,normal,0,"23.8235,16.2|3,7",0.3784,normal,0,"23.8235,16.2|3,7",0.3784,,,,,,,,,,,,,,,,,,,,,,,,,worker_day,0,1 EA,"Post-Northridge RBS connection with welded web, beam one side of column only, beam depth >= W30"
B.10.35.011,Carbon,normal,,5718.52,0.41201,,,,,,,,,,,,,,,,,,,,,,,,,normal,,15827.31,0.37271,normal,,15827.31,0.37271,,,,,,,,,,,,,,,,,,,,,,,,,kg,0,1 EA,"Post-Northridge RBS connection with welded web, beams both sides of column, beam depth <= W27"
B.10.35.011,Cost,normal,,"37500,25500|3,7",0.32749,,,,,,,,,,,,,,,,,,,,,,,,,normal,,"65375,44455|3,7",0.27643,normal,,"65375,44455|3,7",0.27643,,,,,,,,,,,,,,,,,,,,,,,,,USD_2011,0,1 EA,"Post-Northridge RBS connection with welded web, beams both sides of column, beam depth <= W27"
B.10.35.011,Energy,normal,,60737.7,0.41201,,,,,,,,,,,,,,,,,,,,,,,,,normal,,252404.18,0.37271,normal,,252404.18,0.37271,,,,,,,,,,,,,,,,,,,,,,,,,MJ,0,1 EA,"Post-Northridge RBS connection with welded web, beams both sides of column, beam depth <= W27"
B.10.35.011,Time,normal,0,"22.0589,15|3,7",0.41201,,,,,,,,,,,,,,,,,,,,,,,,,normal,0,"38.4559,26.15|3,7",0.37271,normal,0,"38.4559,26.15|3,7",0.37271,,,,,,,,,,,,,,,,,,,,,,,,,worker_day,0,1 EA,"Post-Northridge RBS connection with welded web, beams both sides of column, beam depth <= W27"
B.10.35.012,Carbon,normal,,5718.52,0.39792,,,,,,,,,,,,,,,,,,,,,,,,,normal,,17537.31,0.35209,normal,,17537.31,0.35209,,,,,,,,,,,,,,,,,,,,,,,,,kg,0,1 EA,"Post-Northridge RBS connection with welded web, beams both sides of column, beam depth >= W30"
B.10.35.012,Cost,normal,,"40000,27200|3,7",0.30958,,,,,,,,,,,,,,,,,,,,,,,,,normal,,"73125,49725|3,7",0.24793,normal,,"73125,49725|3,7",0.24793,,,,,,,,,,,,,,,,,,,,,,,,,USD_2011,0,1 EA,"Post-Northridge RBS connection with welded web, beams both sides of column, beam depth >= W30"
B.10.35.012,Energy,normal,,60737.7,0.39792,,,,,,,,,,,,,,,,,,,,,,,,,normal,,302475.45,0.35209,normal,,302475.45,0.35209,,,,,,,,,,,,,,,,,,,,,,,,,MJ,0,1 EA,"Post-Northridge RBS connection with welded web, beams both sides of column, beam depth >= W30"
B.10.35.012,Time,normal,0,"23.5294,16|3,7",0.39792,,,,,,,,,,,,,,,,,,,,,,,,,normal,0,"43.0147,29.25|3,7",0.35209,normal,0,"43.0147,29.25|3,7",0.35209,,,,,,,,,,,,,,,,,,,,,,,,,worker_day,0,1 EA,"Post-Northridge RBS connection with welded web, beams both sides of column, beam depth >= W30"
B.10.35.021,Carbon,normal,,3049.47,0.43244,,,,,,,,,,,,,,,,,,,,,,,,,normal,,7991.65,0.39468,normal,,7991.65,0.39468,,,,,,,,,,,,,,,,,,,,,,,,,kg,0,1 EA,"Post-Northridge welded steel moment connection other than RBS, beam one side, beam depth <= W27"
B.10.35.021,Cost,normal,,"20880,13920|3,7",0.35285,,,,,,,,,,,,,,,,,,,,,,,,,normal,,"35160,23440|3,7",0.3054,normal,,"35160,23440|3,7",0.3054,,,,,,,,,,,,,,,,,,,,,,,,,USD_2011,0,1 EA,"Post-Northridge welded steel moment connection other than RBS, beam one side, beam depth <= W27"
B.10.35.021,Energy,normal,,33086.21,0.43244,,,,,,,,,,,,,,,,,,,,,,,,,normal,,127850.77,0.39468,normal,,127850.77,0.39468,,,,,,,,,,,,,,,,,,,,,,,,,MJ,0,1 EA,"Post-Northridge welded steel moment connection other than RBS, beam one side, beam depth <= W27"
B.10.35.021,Time,normal,0,"12.2824,8.18824|3,7",0.43244,,,,,,,,,,,,,,,,,,,,,,,,,normal,0,"20.6824,13.7882|3,7",0.39468,normal,0,"20.6824,13.7882|3,7",0.39468,,,,,,,,,,,,,,,,,,,,,,,,,worker_day,0,1 EA,"Post-Northridge welded steel moment connection other than RBS, beam one side, beam depth <= W27"
B.10.35.022,Carbon,normal,,3049.47,0.4157,,,,,,,,,,,,,,,,,,,,,,,,,normal,,8846.65,0.3784,normal,,8846.65,0.3784,,,,,,,,,,,,,,,,,,,,,,,,,kg,0,1 EA,"Post-Northridge welded steel moment connection other than RBS, beam one side, beam depth >= W30"
B.10.35.022,Cost,normal,,"22080,14720|3,7",0.33213,,,,,,,,,,,,,,,,,,,,,,,,,normal,,"38880,25920|3,7",0.28405,normal,,"38880,25920|3,7",0.28405,,,,,,,,,,,,,,,,,,,,,,,,,USD_2011,0,1 EA,"Post-Northridge welded steel moment connection other than RBS, beam one side, beam depth >= W30"
B.10.35.022,Energy,normal,,33086.21,0.4157,,,,,,,,,,,,,,,,,,,,,,,,,normal,,152886.41,0.3784,normal,,152886.41,0.3784,,,,,,,,,,,,,,,,,,,,,,,,,MJ,0,1 EA,"Post-Northridge welded steel moment connection other than RBS, beam one side, beam depth >= W30"
B.10.35.022,Time,normal,0,"12.9882,8.65879|3,7",0.4157,,,,,,,,,,,,,,,,,,,,,,,,,normal,0,"22.8706,15.247|3,7",0.3784,normal,0,"22.8706,15.247|3,7",0.3784,,,,,,,,,,,,,,,,,,,,,,,,,worker_day,0,1 EA,"Post-Northridge welded steel moment connection other than RBS, beam one side, beam depth >= W30"
B.10.35.031,Carbon,normal,,5718.52,0.42521,,,,,,,,,,,,,,,,,,,,,,,,,normal,,15827.31,0.37271,normal,,15827.31,0.37271,,,,,,,,,,,,,,,,,,,,,,,,,kg,0,1 EA,"Post-Northridge welded steel moment connection other than RBS, beams both sides, beam depth <= W27"
B.10.35.031,Cost,normal,,"42000,28000|3,7",0.34395,,,,,,,,,,,,,,,,,,,,,,,,,normal,,"62760,41840|3,7",0.27643,normal,,"62760,41840|3,7",0.27643,,,,,,,,,,,,,,,,,,,,,,,,,USD_2011,0,1 EA,"Post-Northridge welded steel moment connection other than RBS, beams both sides, beam depth <= W27"
B.10.35.031,Energy,normal,,60737.7,0.42521,,,,,,,,,,,,,,,,,,,,,,,,,normal,,252404.18,0.37271,normal,,252404.18,0.37271,,,,,,,,,,,,,,,,,,,,,,,,,MJ,0,1 EA,"Post-Northridge welded steel moment connection other than RBS, beams both sides, beam depth <= W27"
B.10.35.031,Time,normal,0,"24.7058,16.4706|3,7",0.42521,,,,,,,,,,,,,,,,,,,,,,,,,normal,0,"36.9176,24.6118|3,7",0.37271,normal,0,"36.9176,24.6118|3,7",0.37271,,,,,,,,,,,,,,,,,,,,,,,,,worker_day,0,1 EA,"Post-Northridge welded steel moment connection other than RBS, beams both sides, beam depth <= W27"
B.10.35.032,Carbon,normal,,5718.52,0.42521,,,,,,,,,,,,,,,,,,,,,,,,,normal,,17537.31,0.35209,normal,,17537.31,0.35209,,,,,,,,,,,,,,,,,,,,,,,,,kg,0,1 EA,"Post-Northridge welded steel moment connection other than RBS, beams both sides, beam depth >= W30"
B.10.35.032,Cost,normal,,"42000,28000|3,7",0.34395,,,,,,,,,,,,,,,,,,,,,,,,,normal,,"70200,46800|3,7",0.24793,normal,,"70200,46800|3,7",0.24793,,,,,,,,,,,,,,,,,,,,,,,,,USD_2011,0,1 EA,"Post-Northridge welded steel moment connection other than RBS, beams both sides, beam depth >= W30"
B.10.35.032,Energy,normal,,60737.7,0.42521,,,,,,,,,,,,,,,,,,,,,,,,,normal,,302475.45,0.35209,normal,,302475.45,0.35209,,,,,,,,,,,,,,,,,,,,,,,,,MJ,0,1 EA,"Post-Northridge welded steel moment connection other than RBS, beams both sides, beam depth >= W30"
B.10.35.032,Time,normal,0,"24.7058,16.4706|3,7",0.42521,,,,,,,,,,,,,,,,,,,,,,,,,normal,0,"41.2942,27.5294|3,7",0.35209,normal,0,"41.2942,27.5294|3,7",0.35209,,,,,,,,,,,,,,,,,,,,,,,,,worker_day,0,1 EA,"Post-Northridge welded steel moment connection other than RBS, beams both sides, beam depth >= W30"
B.20.11.101,Carbon,lognormal,,1764,0.35828,,,,,,,,,,,,,,,,,,,,,,,,,lognormal,,1904,0.44577,normal,,2210,0.27304,,,,,,,,,,,,,,,,,,,,,,,,,kg,0,100 SF,"Exterior Wall - Light framed wood walls with structural panel sheathing, gypsum wallboard no hold-downs"
B.20.11.101,Cost,lognormal,,"2990,1840|3,8",0.25663,,,,,,,,,,,,,,,,,,,,,,,,,lognormal,,"3300,2337.5|3,8",0.36907,normal,,"5400,3825|3,8",0.10978,,,,,,,,,,,,,,,,,,,,,,,,,USD_2011,0,100 SF,"Exterior Wall - Light framed wood walls with structural panel sheathing, gypsum wallboard no hold-downs"
B.20.11.101,Energy,lognormal,,18910,0.35828,,,,,,,,,,,,,,,,,,,,,,,,,lognormal,,21750,0.44577,normal,,30904,0.27304,,,,,,,,,,,,,,,,,,,,,,,,,MJ,0,100 SF,"Exterior Wall - Light framed wood walls with structural panel sheathing, gypsum wallboard no hold-downs"
B.20.11.101,Time,lognormal,0,"2.32779,1.43147|3,8",0.35828,,,,,,,,,,,,,,,,,,,,,,,,,lognormal,0,"2.56868,1.81849|3,8",0.44577,normal,0,"4.21147,2.9839|3,8",0.27304,,,,,,,,,,,,,,,,,,,,,,,,,worker_day,0,100 SF,"Exterior Wall - Light framed wood walls with structural panel sheathing, gypsum wallboard no hold-downs"
B.20.11.121,Carbon,lognormal,,2377,0.31324,,,,,,,,,,,,,,,,,,,,,,,,,lognormal,,1995,0.33029,lognormal,,3001,0.26225,,,,,,,,,,,,,,,,,,,,,,,,,kg,0,100 SF,"Exterior Wall - Light framed wood walls with structural panel sheathing, gypsum wallboard and hold-downs"
B.20.11.121,Cost,lognormal,,"2134.17,1313.33|3,8",0.18873,,,,,,,,,,,,,,,,,,,,,,,,,lognormal,,"2570,1820.42|3,8",0.21585,lognormal,,"6450,4568.75|3,8",0.07922,,,,,,,,,,,,,,,,,,,,,,,,,USD_2011,0,100 SF,"Exterior Wall - Light framed wood walls with structural panel sheathing, gypsum wallboard and hold-downs"
B.20.11.121,Energy,lognormal,,24085,0.31324,,,,,,,,,,,,,,,,,,,,,,,,,lognormal,,20870,0.33029,lognormal,,39073,0.26225,,,,,,,,,,,,,,,,,,,,,,,,,MJ,0,100 SF,"Exterior Wall - Light framed wood walls with structural panel sheathing, gypsum wallboard and hold-downs"
B.20.11.121,Time,lognormal,0,"1.66386,1.02409|3,8",0.31324,,,,,,,,,,,,,,,,,,,,,,,,,lognormal,0,"2.00385,1.41961|3,8",0.33029,lognormal,0,"5.02787,3.5616|3,8",0.26225,,,,,,,,,,,,,,,,,,,,,,,,,worker_day,0,100 SF,"Exterior Wall - Light framed wood walls with structural panel sheathing, gypsum wallboard and hold-downs"
B.20.22.001,Carbon,lognormal,,406.2,0.30054,,,,,,,,,,,,,,,,,,,,,,,,,lognormal,,406.2,0.30054,,,,,,,,,,,,,,,,,,,,,,,,,,,,,kg,0,30 SF,"Curtain Walls - Generic Midrise Stick-Built Curtain wall, Config: Monolithic, Lamination: Unknown, Glass Type: Unknown, Details: Aspect ratio = 6:5,  Other details Unknown"
B.20.22.001,Cost,lognormal,,"2055,1096|20,100",0.1668,,,,,,,,,,,,,,,,,,,,,,,,,lognormal,,"2055,1096|20,100",0.1668,,,,,,,,,,,,,,,,,,,,,,,,,,,,,USD_2011,0,30 SF,"Curtain Walls - Generic Midrise Stick-Built Curtain wall, Config: Monolithic, Lamination: Unknown, Glass Type: Unknown, Details: Aspect ratio = 6:5,  Other details Unknown"
B.20.22.001,Energy,lognormal,,9437.4,0.30054,,,,,,,,,,,,,,,,,,,,,,,,,lognormal,,9437.4,0.30054,,,,,,,,,,,,,,,,,,,,,,,,,,,,,MJ,0,30 SF,"Curtain Walls - Generic Midrise Stick-Built Curtain wall, Config: Monolithic, Lamination: Unknown, Glass Type: Unknown, Details: Aspect ratio = 6:5,  Other details Unknown"
B.20.22.001,Time,lognormal,0,"0.905206,0.482118|20,100",0.30054,,,,,,,,,,,,,,,,,,,,,,,,,lognormal,0,"0.905206,0.482118|20,100",0.30054,,,,,,,,,,,,,,,,,,,,,,,,,,,,,worker_day,0,30 SF,"Curtain Walls - Generic Midrise Stick-Built Curtain wall, Config: Monolithic, Lamination: Unknown, Glass Type: Unknown, Details: Aspect ratio = 6:5,  Other details Unknown"
B.30.11.011,Carbon,lognormal,,41,0.62808,,,,,,,,,,,,,,,,,,,,,,,,,lognormal,,154,0.39625,,,,,,,,,,,,,,,,,,,,,,,,,,,,,kg,0,100 SF,"Concrete tile roof, tiles secured and compliant with UBC94"
B.30.11.011,Cost,lognormal,,"840,490|13,130",0.57618,,,,,,,,,,,,,,,,,,,,,,,,,lognormal,,"2220,1184|13,130",0.30743,,,,,,,,,,,,,,,,,,,,,,,,,,,,,USD_2011,0,100 SF,"Concrete tile roof, tiles secured and compliant with UBC94"
B.30.11.011,Energy,lognormal,,985,0.62808,,,,,,,,,,,,,,,,,,,,,,,,,lognormal,,3769,0.39625,,,,,,,,,,,,,,,,,,,,,,,,,,,,,MJ,0,100 SF,"Concrete tile roof, tiles secured and compliant with UBC94"
B.30.11.011,Time,lognormal,0,"0.954412,0.568382|13,130",0.62808,,,,,,,,,,,,,,,,,,,,,,,,,lognormal,0,"2.41618,1.27353|13,130",0.39625,,,,,,,,,,,,,,,,,,,,,,,,,,,,,worker_day,0,100 SF,"Concrete tile roof, tiles secured and compliant with UBC94"
C.10.11.001a,Carbon,normal,,208,0.54243,,,,,,,,,,,,,,,,,,,,,,,,,lognormal,,585,0.60954,lognormal,,13026,0.31759,,,,,,,,,,,,,,,,,,,,,,,,,kg,0,100 LF,"Wall Partition, Type: Gypsum with metal studs, Full Height, Fixed Below, Fixed Above"
C.10.11.001a,Cost,normal,,"2677.5,1428|1,10",0.48138,,,,,,,,,,,,,,,,,,,,,,,,,lognormal,,"6825,3640|1,10",0.55591,lognormal,,"10500,7437.5|1,10",0.19586,,,,,,,,,,,,,,,,,,,,,,,,,USD_2011,0,100 LF,"Wall Partition, Type: Gypsum with metal studs, Full Height, Fixed Below, Fixed Above"
C.10.11.001a,Energy,normal,,4979,0.54243,,,,,,,,,,,,,,,,,,,,,,,,,lognormal,,14963,0.60954,lognormal,,151970,0.31759,,,,,,,,,,,,,,,,,,,,,,,,,MJ,0,100 LF,"Wall Partition, Type: Gypsum with metal studs, Full Height, Fixed Below, Fixed Above"
C.10.11.001a,Time,normal,0,"2.12563,1.15175|1,10",0.54243,,,,,,,,,,,,,,,,,,,,,,,,,lognormal,0,"5.28316,2.80074|1,10",0.60954,lognormal,0,"8.12397,5.73702|1,10",0.31759,,,,,,,,,,,,,,,,,,,,,,,,,worker_day,0,100 LF,"Wall Partition, Type: Gypsum with metal studs, Full Height, Fixed Below, Fixed Above"
C.20.11.001a,Carbon,lognormal,,39.53,1.02101,,,,,,,,,,,,,,,,,,,,,,,,,lognormal,,339.59,0.63137,normal,,22330.11,0.46804,,,,,,,,,,,,,,,,,,,,,,,,,kg,0,1 EA,Prefabricated steel stair with steel treads and landings with seismic joints that accommodate drift.
C.20.11.001a,Cost,normal,,"4340,1302|1,10",0.45861,,,,,,,,,,,,,,,,,,,,,,,,,normal,,"11100,3330|1,10",0.48592,lognormal,,"33900,10170|1,10",0.23515,,,,,,,,,,,,,,,,,,,,,,,,,USD_2011,0,1 EA,Prefabricated steel stair with steel treads and landings with seismic joints that accommodate drift.
C.20.11.001a,Energy,lognormal,,940.85,1.02101,,,,,,,,,,,,,,,,,,,,,,,,,lognormal,,8712.46,0.63137,normal,,301678.87,0.46804,,,,,,,,,,,,,,,,,,,,,,,,,MJ,0,1 EA,Prefabricated steel stair with steel treads and landings with seismic joints that accommodate drift.
C.20.11.001a,Time,normal,0,"3.38132,1.01347|1,10",0.52233,,,,,,,,,,,,,,,,,,,,,,,,,normal,0,"8.61574,2.55971|1,10",0.54646,lognormal,0,"26.471,7.97559|1,10",0.34321,,,,,,,,,,,,,,,,,,,,,,,,,worker_day,0,1 EA,Prefabricated steel stair with steel treads and landings with seismic joints that accommodate drift.
C.30.21.001k,Carbon,normal,,5.08,0.42652,,,,,,,,,,,,,,,,,,,,,,,,,,,,,,,,,,,,,,,,,,,,,,,,,,,,,,,,,kg,0,1 SF,Generic Floor Covering - Flooding of floor caused by failure of pipe - Retail - Dry
C.30.21.001k,Cost,normal,,"58.8,17.64|500,2000",0.34557,,,,,,,,,,,,,,,,,,,,,,,,,,,,,,,,,,,,,,,,,,,,,,,,,,,,,,,,,USD_2011,0,1 SF,Generic Floor Covering - Flooding of floor caused by failure of pipe - Retail - Dry
C.30.21.001k,Energy,normal,,99.65,0.42652,,,,,,,,,,,,,,,,,,,,,,,,,,,,,,,,,,,,,,,,,,,,,,,,,,,,,,,,,MJ,0,1 SF,Generic Floor Covering - Flooding of floor caused by failure of pipe - Retail - Dry
C.30.21.001k,Time,normal,0,"0.0544382,0.0163047|500,2000",0.42652,,,,,,,,,,,,,,,,,,,,,,,,,,,,,,,,,,,,,,,,,,,,,,,,,,,,,,,,,worker_day,0,1 SF,Generic Floor Covering - Flooding of floor caused by failure of pipe - Retail - Dry
C.30.27.002,Carbon,lognormal,,6,1.30822,,,,,,,,,,,,,,,,,,,,,,,,,,,,,,,,,,,,,,,,,,,,,,,,,,,,,,,,,kg,0,100 SF,"Raised Access Floor, seismically rated."
C.30.27.002,Cost,lognormal,,"138,92|5,20",1.28411,,,,,,,,,,,,,,,,,,,,,,,,,,,,,,,,,,,,,,,,,,,,,,,,,,,,,,,,,USD_2011,0,100 SF,"Raised Access Floor, seismically rated."
C.30.27.002,Energy,lognormal,,155,1.30822,,,,,,,,,,,,,,,,,,,,,,,,,,,,,,,,,,,,,,,,,,,,,,,,,,,,,,,,,MJ,0,100 SF,"Raised Access Floor, seismically rated."
C.30.27.002,Time,lognormal,0,"0.144691,0.0953088|5,20",1.30822,,,,,,,,,,,,,,,,,,,,,,,,,,,,,,,,,,,,,,,,,,,,,,,,,,,,,,,,,worker_day,0,100 SF,"Raised Access Floor, seismically rated."
C.30.32.001d,Carbon,normal,,2175,0.60488,,,,,,,,,,,,,,,,,,,,,,,,,lognormal,,21325,0.57546,lognormal,,81550,0.3218,,,,,,,,,,,,,,,,,,,,,,,,,kg,0,2500 SF,"Suspended Ceiling, SDC A,B,C, Area (A): A > 2500, Vert support only"
C.30.32.001d,Cost,normal,,"4350,2900|1,10",0.5508,,,,,,,,,,,,,,,,,,,,,,,,,lognormal,,"34050,22700|1,10",0.51832,lognormal,,"70050,46700|1,10",0.20262,,,,,,,,,,,,,,,,,,,,,,,,,USD_2011,0,2500 SF,"Suspended Ceiling, SDC A,B,C, Area (A): A > 2500, Vert support only"
C.30.32.001d,Energy,normal,,21600,0.60488,,,,,,,,,,,,,,,,,,,,,,,,,lognormal,,288700,0.57546,lognormal,,807550,0.3218,,,,,,,,,,,,,,,,,,,,,,,,,MJ,0,2500 SF,"Suspended Ceiling, SDC A,B,C, Area (A): A > 2500, Vert support only"
C.30.32.001d,Time,normal,0,"3.61838,2.38162|1,10",0.60488,,,,,,,,,,,,,,,,,,,,,,,,,lognormal,0,"29.0904,19.4096|1,10",0.57546,lognormal,0,"59.7081,39.7919|1,10",0.3218,,,,,,,,,,,,,,,,,,,,,,,,,worker_day,0,2500 SF,"Suspended Ceiling, SDC A,B,C, Area (A): A > 2500, Vert support only"
C.30.32.003a,Carbon,normal,,217.5,0.60488,,,,,,,,,,,,,,,,,,,,,,,,,lognormal,,2132.5,0.57546,lognormal,,8155,0.3218,,,,,,,,,,,,,,,,,,,,,,,,,kg,0,250 SF,"Suspended Ceiling, SDC D,E (Ip=1.0), Area (A): A < 250, Vert & Lat support"
C.30.32.003a,Cost,normal,,"725,217.5|1,10",0.5508,,,,,,,,,,,,,,,,,,,,,,,,,lognormal,,"5675,1702.5|1,10",0.51832,lognormal,,"11675,3502.5|1,10",0.20262,,,,,,,,,,,,,,,,,,,,,,,,,USD_2011,0,250 SF,"Suspended Ceiling, SDC D,E (Ip=1.0), Area (A): A < 250, Vert & Lat support"
C.30.32.003a,Energy,normal,,2160,0.60488,,,,,,,,,,,,,,,,,,,,,,,,,lognormal,,28870,0.57546,lognormal,,80755,0.3218,,,,,,,,,,,,,,,,,,,,,,,,,MJ,0,250 SF,"Suspended Ceiling, SDC D,E (Ip=1.0), Area (A): A < 250, Vert & Lat support"
C.30.32.003a,Time,normal,0,"0.696507,0.211397|1,10",0.60488,,,,,,,,,,,,,,,,,,,,,,,,,lognormal,0,"5.41232,1.61507|1,10",0.57546,lognormal,0,"11.155,3.34301|1,10",0.3218,,,,,,,,,,,,,,,,,,,,,,,,,worker_day,0,250 SF,"Suspended Ceiling, SDC D,E (Ip=1.0), Area (A): A < 250, Vert & Lat support"
C.30.32.003d,Carbon,normal,,2175,0.60488,,,,,,,,,,,,,,,,,,,,,,,,,lognormal,,21325,0.57546,lognormal,,21325,0.57546,lognormal,,81550,0.3218,,,,,,,,,,,,,,,,,,,,,kg,0,250 SF,"Suspended Ceiling, SDC D,E (Ip=1.0), Area (A): A > 2500, Vert & Lat support"
C.30.32.003d,Cost,normal,,"7250,2175|1,10",0.5508,,,,,,,,,,,,,,,,,,,,,,,,,lognormal,,"56750,17025|1,10",0.51832,lognormal,,"56750,17025|1,10",0.51832,lognormal,,"116750,35025|1,10",0.20262,,,,,,,,,,,,,,,,,,,,,USD_2011,0,250 SF,"Suspended Ceiling, SDC D,E (Ip=1.0), Area (A): A > 2500, Vert & Lat support"
C.30.32.003d,Energy,normal,,21600,0.60488,,,,,,,,,,,,,,,,,,,,,,,,,lognormal,,288700,0.57546,lognormal,,288700,0.57546,lognormal,,807550,0.3218,,,,,,,,,,,,,,,,,,,,,MJ,0,250 SF,"Suspended Ceiling, SDC D,E (Ip=1.0), Area (A): A > 2500, Vert & Lat support"
C.30.32.003d,Time,normal,0,"6.09191,1.76324|1,10",0.60488,,,,,,,,,,,,,,,,,,,,,,,,,lognormal,0,"48.4522,14.5691|1,10",0.57546,lognormal,0,"48.4522,14.5691|1,10",0.57546,lognormal,0,"99.5404,29.8338|1,10",0.3218,,,,,,,,,,,,,,,,,,,,,worker_day,0,250 SF,"Suspended Ceiling, SDC D,E (Ip=1.0), Area (A): A > 2500, Vert & Lat support"
C.30.32.004a,Carbon,normal,,217.5,0.60488,,,,,,,,,,,,,,,,,,,,,,,,,lognormal,,2132.5,0.57546,lognormal,,8155,0.3218,,,,,,,,,,,,,,,,,,,,,,,,,kg,0,250 SF,"Suspended Ceiling, SDC D,E,F (Ip=1.5), Area (A): A < 250, Vert & Lat support"
C.30.32.004a,Cost,normal,,"725,217.5|1,10",0.5508,,,,,,,,,,,,,,,,,,,,,,,,,lognormal,,"5675,1702.5|1,10",0.51832,lognormal,,"11675,3502.5|1,10",0.20262,,,,,,,,,,,,,,,,,,,,,,,,,USD_2011,0,250 SF,"Suspended Ceiling, SDC D,E,F (Ip=1.5), Area (A): A < 250, Vert & Lat support"
C.30.32.004a,Energy,normal,,2160,0.60488,,,,,,,,,,,,,,,,,,,,,,,,,lognormal,,28870,0.57546,lognormal,,80755,0.3218,,,,,,,,,,,,,,,,,,,,,,,,,MJ,0,250 SF,"Suspended Ceiling, SDC D,E,F (Ip=1.5), Area (A): A < 250, Vert & Lat support"
C.30.32.004a,Time,normal,0,"0.696507,0.211397|1,10",0.60488,,,,,,,,,,,,,,,,,,,,,,,,,lognormal,0,"5.41232,1.61507|1,10",0.57546,lognormal,0,"11.155,3.34301|1,10",0.3218,,,,,,,,,,,,,,,,,,,,,,,,,worker_day,0,250 SF,"Suspended Ceiling, SDC D,E,F (Ip=1.5), Area (A): A < 250, Vert & Lat support"
C.30.34.002,Carbon,lognormal,,51.81,0.68425,,,,,,,,,,,,,,,,,,,,,,,,,,,,,,,,,,,,,,,,,,,,,,,,,,,,,,,,,kg,0,1 EA,Independent Pendant Lighting - seismically rated
C.30.34.002,Cost,lognormal,,"990,297|5,10",0.63694,,,,,,,,,,,,,,,,,,,,,,,,,,,,,,,,,,,,,,,,,,,,,,,,,,,,,,,,,USD_2011,0,1 EA,Independent Pendant Lighting - seismically rated
C.30.34.002,Energy,lognormal,,1009.88,0.68425,,,,,,,,,,,,,,,,,,,,,,,,,,,,,,,,,,,,,,,,,,,,,,,,,,,,,,,,,MJ,0,1 EA,Independent Pendant Lighting - seismically rated
C.30.34.002,Time,lognormal,0,"0.99,0.297|5,10",0.68425,,,,,,,,,,,,,,,,,,,,,,,,,,,,,,,,,,,,,,,,,,,,,,,,,,,,,,,,,worker_day,0,1 EA,Independent Pendant Lighting - seismically rated
D.10.14.011,Carbon,lognormal,,377.55,0.90913,normal,,2033.6,0.41036,lognormal,,2285.33,0.50165,normal,,3174.81,0.48812,normal,,3743.41,0.52787,normal,,4779.38,0.44965,normal,,5347.98,0.48157,normal,,1604.57,0.37354,lognormal,,1914.49,0.493,normal,,2745.78,0.47876,normal,,3314.38,0.52526,normal,,4350.35,0.43995,normal,,4918.95,0.47577,normal,,429.03,0.54803,lognormal,,764.151,0.73067,kg,0,1 EA,"Traction Elevator – Applies to most California Installations 1976 or later, most western states installations 1982 or later and most other U.S installations 1998 or later."
D.10.14.011,Cost,lognormal,,"8800,2640|5,10",0.87408,normal,,"42400,12720|5,10",0.29843,normal,,"51200,15360|5,10",0.40285,normal,,"37000,11100|5,10",0.41802,normal,,"45800,13740|5,10",0.50577,normal,,"74400,22320|5,10",0.34412,normal,,"83200,24960|5,10",0.40476,normal,,"37400,11220|5,10",0.27755,lognormal,,"46200,13860|5,10",0.40841,normal,,"32000,9600|5,10",0.4083,normal,,"40800,12240|5,10",0.50751,normal,,"69400,20820|5,10",0.33527,normal,,"78200,23460|5,10",0.4005,normal,,"5000,1500|5,10",0.48769,lognormal,,"13800,4140|5,10",0.73646,USD_2011,0,1 EA,"Traction Elevator – Applies to most California Installations 1976 or later, most western states installations 1982 or later and most other U.S installations 1998 or later."
D.10.14.011,Energy,lognormal,,9466.48,0.90913,normal,,50989.9,0.41036,lognormal,,57301.3,0.50165,normal,,79604.5,0.48812,normal,,93861.4,0.52787,normal,,119837,0.44965,normal,,134094,0.48157,normal,,40232.5,0.37354,lognormal,,48003.5,0.493,normal,,68847.1,0.47876,normal,,83104,0.52526,normal,,109080,0.43995,normal,,123337,0.47577,normal,,10757.4,0.54803,lognormal,,19160,0.73067,MJ,0,1 EA,"Traction Elevator – Applies to most California Installations 1976 or later, most western states installations 1982 or later and most other U.S installations 1998 or later."
D.10.14.011,Time,lognormal,1,"8.41178,2.52355|5,10",0.90913,normal,1,"40.5294,12.1588|5,10",0.38931,normal,1,"48.9412,14.6824|5,10",0.47412,normal,1,"35.3676,10.6103|5,10",0.48707,normal,1,"43.7794,13.1338|5,10",0.56419,normal,1,"71.1176,21.3353|5,10",0.42534,normal,1,"79.5294,23.8588|5,10",0.47574,normal,1,"35.75,10.725|5,10",0.37355,lognormal,1,"44.1618,13.2485|5,10",0.47885,normal,1,"30.5882,9.17645|5,10",0.47876,normal,1,"39,11.7|5,10",0.56574,normal,1,"66.3382,19.9015|5,10",0.41822,normal,1,"74.75,22.425|5,10",0.47212,normal,1,"4.77941,1.43382|5,10",0.54803,lognormal,1,"13.1912,3.95736|5,10",0.77773,worker_day,0,1 EA,"Traction Elevator – Applies to most California Installations 1976 or later, most western states installations 1982 or later and most other U.S installations 1998 or later."
D.20.21.013a,Carbon,lognormal,,33.07,0.80357,,,,,,,,,,,,,,,,,,,,,,,,,lognormal,,484.53,0.47626,,,,,,,,,,,,,,,,,,,,,,,,,,,,,kg,0,1000 LF,"Cold or Hot Potable  - Small Diameter Threaded Steel - (2.5 inches in diameter or less), SDC D, E, or F, PIPING FRAGILITY"
D.20.21.013a,Cost,lognormal,,"319,261|3,10",0.76369,,,,,,,,,,,,,,,,,,,,,,,,,lognormal,,"2915,2385|3,10",0.40537,,,,,,,,,,,,,,,,,,,,,,,,,,,,,USD_2011,0,1000 LF,"Cold or Hot Potable  - Small Diameter Threaded Steel - (2.5 inches in diameter or less), SDC D, E, or F, PIPING FRAGILITY"
D.20.21.013a,Energy,lognormal,,864.51,0.80357,,,,,,,,,,,,,,,,,,,,,,,,,lognormal,,12415.24,0.47626,,,,,,,,,,,,,,,,,,,,,,,,,,,,,MJ,0,1000 LF,"Cold or Hot Potable  - Small Diameter Threaded Steel - (2.5 inches in diameter or less), SDC D, E, or F, PIPING FRAGILITY"
D.20.21.013a,Time,lognormal,0,"0.337806,0.276394|3,10",0.80357,,,,,,,,,,,,,,,,,,,,,,,,,lognormal,0,"3.08649,2.52531|3,10",0.47626,,,,,,,,,,,,,,,,,,,,,,,,,,,,,worker_day,0,1000 LF,"Cold or Hot Potable  - Small Diameter Threaded Steel - (2.5 inches in diameter or less), SDC D, E, or F, PIPING FRAGILITY"
D.20.21.014a,Carbon,lognormal,,33.07,0.80357,,,,,,,,,,,,,,,,,,,,,,,,,lognormal,,484.53,0.47626,,,,,,,,,,,,,,,,,,,,,,,,,,,,,kg,0,1000 LF,"Cold or Hot Potable  - Small Diameter Threaded Steel - (2.5 inches in diameter or less), SDC D, E, or F (OSHPD or sim), PIPING FRAGILITY"
D.20.21.014a,Cost,lognormal,,"319,261|3,10",0.76369,,,,,,,,,,,,,,,,,,,,,,,,,lognormal,,"2915,2385|3,10",0.40537,,,,,,,,,,,,,,,,,,,,,,,,,,,,,USD_2011,0,1000 LF,"Cold or Hot Potable  - Small Diameter Threaded Steel - (2.5 inches in diameter or less), SDC D, E, or F (OSHPD or sim), PIPING FRAGILITY"
D.20.21.014a,Energy,lognormal,,864.51,0.80357,,,,,,,,,,,,,,,,,,,,,,,,,lognormal,,12415.24,0.47626,,,,,,,,,,,,,,,,,,,,,,,,,,,,,MJ,0,1000 LF,"Cold or Hot Potable  - Small Diameter Threaded Steel - (2.5 inches in diameter or less), SDC D, E, or F (OSHPD or sim), PIPING FRAGILITY"
D.20.21.014a,Time,lognormal,0,"0.337806,0.276394|3,10",0.80357,,,,,,,,,,,,,,,,,,,,,,,,,lognormal,0,"3.08649,2.52531|3,10",0.47626,,,,,,,,,,,,,,,,,,,,,,,,,,,,,worker_day,0,1000 LF,"Cold or Hot Potable  - Small Diameter Threaded Steel - (2.5 inches in diameter or less), SDC D, E, or F (OSHPD or sim), PIPING FRAGILITY"
D.20.31.013b,Carbon,lognormal,,45.61,0.62772,,,,,,,,,,,,,,,,,,,,,,,,,,,,,,,,,,,,,,,,,,,,,,,,,,,,,,,,,kg,0,1000 LF,"Sanitary Waste Piping - Cast Iron w/flexible couplings, SDC D,E,F, BRACING FRAGILITY"
D.20.31.013b,Cost,lognormal,,"800,240|5,10",0.57578,,,,,,,,,,,,,,,,,,,,,,,,,,,,,,,,,,,,,,,,,,,,,,,,,,,,,,,,,USD_2011,0,1000 LF,"Sanitary Waste Piping - Cast Iron w/flexible couplings, SDC D,E,F, BRACING FRAGILITY"
D.20.31.013b,Energy,lognormal,,1317.27,0.62772,,,,,,,,,,,,,,,,,,,,,,,,,,,,,,,,,,,,,,,,,,,,,,,,,,,,,,,,,MJ,0,1000 LF,"Sanitary Waste Piping - Cast Iron w/flexible couplings, SDC D,E,F, BRACING FRAGILITY"
D.20.31.013b,Time,lognormal,0,"0.847029,0.254088|5,10",0.62772,,,,,,,,,,,,,,,,,,,,,,,,,,,,,,,,,,,,,,,,,,,,,,,,,,,,,,,,,worker_day,0,1000 LF,"Sanitary Waste Piping - Cast Iron w/flexible couplings, SDC D,E,F, BRACING FRAGILITY"
D.30.31.013c,Carbon,lognormal,,110.49,0.5168,,,,,,,,,,,,,,,,,,,,,,,,,lognormal,,25674.86,0.31061,lognormal,,25674.86,0.31061,,,,,,,,,,,,,,,,,,,,,,,,,kg,0,1 EA,Chiller - Capacity: < 100 Ton - Equipment that is either hard anchored or is vibration isolated with seismic snubbers/restraints - Combined anchorage/isolator & equipment fragility
D.30.31.013c,Cost,lognormal,,"1100,900|1,5",0.45231,,,,,,,,,,,,,,,,,,,,,,,,,lognormal,,"51920,42480|1,5",0.18434,lognormal,,"51920,42480|1,5",0.18434,,,,,,,,,,,,,,,,,,,,,,,,,USD_2011,0,1 EA,Chiller - Capacity: < 100 Ton - Equipment that is either hard anchored or is vibration isolated with seismic snubbers/restraints - Combined anchorage/isolator & equipment fragility
D.30.31.013c,Energy,lognormal,,3225.95,0.5168,,,,,,,,,,,,,,,,,,,,,,,,,lognormal,,299683.71,0.31061,lognormal,,299683.71,0.31061,,,,,,,,,,,,,,,,,,,,,,,,,MJ,0,1 EA,Chiller - Capacity: < 100 Ton - Equipment that is either hard anchored or is vibration isolated with seismic snubbers/restraints - Combined anchorage/isolator & equipment fragility
D.30.31.013c,Time,lognormal,0,"1.29415,1.05885|1,5",0.5168,,,,,,,,,,,,,,,,,,,,,,,,,lognormal,1,"11.1058,2.77645|1,5",0.31062,lognormal,0,"16.6588,5.55296|1,5",0.31062,,,,,,,,,,,,,,,,,,,,,,,,,worker_day,0,1 EA,Chiller - Capacity: < 100 Ton - Equipment that is either hard anchored or is vibration isolated with seismic snubbers/restraints - Combined anchorage/isolator & equipment fragility
D.30.31.023c,Carbon,lognormal,,110.49,0.5168,,,,,,,,,,,,,,,,,,,,,,,,,lognormal,,13054.34,0.31008,lognormal,,12943.84,0.30343,,,,,,,,,,,,,,,,,,,,,,,,,kg,0,1 EA,Cooling Tower - Capacity: < 100 Ton - Equipment that is either hard anchored or is vibration isolated with seismic snubbers/restraints - Combined anchorage/isolator & equipment fragility
D.30.31.023c,Cost,lognormal,,"1100,900|1,5",0.45231,,,,,,,,,,,,,,,,,,,,,,,,,lognormal,,"27170,22230|1,5",0.18344,lognormal,,"26070,21330|1,5",0.17196,,,,,,,,,,,,,,,,,,,,,,,,,USD_2011,0,1 EA,Cooling Tower - Capacity: < 100 Ton - Equipment that is either hard anchored or is vibration isolated with seismic snubbers/restraints - Combined anchorage/isolator & equipment fragility
D.30.31.023c,Energy,lognormal,,3225.95,0.5168,,,,,,,,,,,,,,,,,,,,,,,,,lognormal,,153673.4,0.31008,lognormal,,150447.45,0.30343,,,,,,,,,,,,,,,,,,,,,,,,,MJ,0,1 EA,Cooling Tower - Capacity: < 100 Ton - Equipment that is either hard anchored or is vibration isolated with seismic snubbers/restraints - Combined anchorage/isolator & equipment fragility
D.30.31.023c,Time,lognormal,0,"1.29415,1.05885|1,5",0.5168,,,,,,,,,,,,,,,,,,,,,,,,,lognormal,1,"8.71768,2.90592|1,5",0.31008,lognormal,0,"8.36474,2.78826|1,5",0.30343,,,,,,,,,,,,,,,,,,,,,,,,,worker_day,0,1 EA,Cooling Tower - Capacity: < 100 Ton - Equipment that is either hard anchored or is vibration isolated with seismic snubbers/restraints - Combined anchorage/isolator & equipment fragility
D.30.41.011c,Carbon,lognormal,,181.81,0.44436,,,,,,,,,,,,,,,,,,,,,,,,,lognormal,,2372.82,0.26933,,,,,,,,,,,,,,,,,,,,,,,,,,,,,kg,0,1000 LF,"HVAC Galvanized Sheet Metal Ducting less than 6 sq. ft in cross sectional area, SDC D, E, or F"
D.30.41.011c,Cost,lognormal,,"715,585|1,5",0.36736,,,,,,,,,,,,,,,,,,,,,,,,,lognormal,,"6985,5715|1,5",0.1002,,,,,,,,,,,,,,,,,,,,,,,,,,,,,USD_2011,0,1000 LF,"HVAC Galvanized Sheet Metal Ducting less than 6 sq. ft in cross sectional area, SDC D, E, or F"
D.30.41.011c,Energy,lognormal,,2708.79,0.44436,,,,,,,,,,,,,,,,,,,,,,,,,lognormal,,30267.85,0.26933,,,,,,,,,,,,,,,,,,,,,,,,,,,,,MJ,0,1000 LF,"HVAC Galvanized Sheet Metal Ducting less than 6 sq. ft in cross sectional area, SDC D, E, or F"
D.30.41.011c,Time,lognormal,0,"0.841171,0.688229|1,5",0.44436,,,,,,,,,,,,,,,,,,,,,,,,,lognormal,0,"2.98826,1.49414|1,5",0.26933,,,,,,,,,,,,,,,,,,,,,,,,,,,,,worker_day,0,1000 LF,"HVAC Galvanized Sheet Metal Ducting less than 6 sq. ft in cross sectional area, SDC D, E, or F"
D.30.41.011d,Carbon,lognormal,,181.81,0.44436,,,,,,,,,,,,,,,,,,,,,,,,,lognormal,,2372.82,0.26933,,,,,,,,,,,,,,,,,,,,,,,,,,,,,kg,0,1000 LF,"HVAC Galvanized Sheet Metal Ducting less than 6 sq. ft in cross sectional area, SDC D, E, or F (OSHPD or sim)"
D.30.41.011d,Cost,lognormal,,"715,585|1,5",0.36736,,,,,,,,,,,,,,,,,,,,,,,,,lognormal,,"6985,5715|1,5",0.1002,,,,,,,,,,,,,,,,,,,,,,,,,,,,,USD_2011,0,1000 LF,"HVAC Galvanized Sheet Metal Ducting less than 6 sq. ft in cross sectional area, SDC D, E, or F (OSHPD or sim)"
D.30.41.011d,Energy,lognormal,,2708.79,0.44436,,,,,,,,,,,,,,,,,,,,,,,,,lognormal,,30267.85,0.26933,,,,,,,,,,,,,,,,,,,,,,,,,,,,,MJ,0,1000 LF,"HVAC Galvanized Sheet Metal Ducting less than 6 sq. ft in cross sectional area, SDC D, E, or F (OSHPD or sim)"
D.30.41.011d,Time,lognormal,0,"0.841171,0.688229|1,5",0.44436,,,,,,,,,,,,,,,,,,,,,,,,,lognormal,0,"2.98826,1.49414|1,5",0.26933,,,,,,,,,,,,,,,,,,,,,,,,,,,,,worker_day,0,1000 LF,"HVAC Galvanized Sheet Metal Ducting less than 6 sq. ft in cross sectional area, SDC D, E, or F (OSHPD or sim)"
D.30.41.012c,Carbon,lognormal,,298.31,0.35779,,,,,,,,,,,,,,,,,,,,,,,,,lognormal,,2921.66,0.26266,,,,,,,,,,,,,,,,,,,,,,,,,,,,,kg,0,1000 LF,"HVAC Galvanized Sheet Metal Ducting -  6 sq. ft cross sectional area or greater, SDC D, E, or F"
D.30.41.012c,Cost,lognormal,,"1045,855|1,5",0.25596,,,,,,,,,,,,,,,,,,,,,,,,,lognormal,,"8745,7155|1,5",0.08055,,,,,,,,,,,,,,,,,,,,,,,,,,,,,USD_2011,0,1000 LF,"HVAC Galvanized Sheet Metal Ducting -  6 sq. ft cross sectional area or greater, SDC D, E, or F"
D.30.41.012c,Energy,lognormal,,4425.03,0.35779,,,,,,,,,,,,,,,,,,,,,,,,,lognormal,,38459.64,0.26266,,,,,,,,,,,,,,,,,,,,,,,,,,,,,MJ,0,1000 LF,"HVAC Galvanized Sheet Metal Ducting -  6 sq. ft cross sectional area or greater, SDC D, E, or F"
D.30.41.012c,Time,lognormal,0,"1.22936,1.00584|1,5",0.3578,,,,,,,,,,,,,,,,,,,,,,,,,lognormal,0,"3.74119,1.87061|1,5",0.26266,,,,,,,,,,,,,,,,,,,,,,,,,,,,,worker_day,0,1000 LF,"HVAC Galvanized Sheet Metal Ducting -  6 sq. ft cross sectional area or greater, SDC D, E, or F"
D.30.41.012d,Carbon,lognormal,,298.31,0.35779,,,,,,,,,,,,,,,,,,,,,,,,,lognormal,,2921.66,0.26266,,,,,,,,,,,,,,,,,,,,,,,,,,,,,kg,0,1000 LF,"HVAC Galvanized Sheet Metal Ducting -  6 sq. ft cross sectional area or greater, SDC D, E, or F (OSHPD or sim)"
D.30.41.012d,Cost,lognormal,,"1045,855|1,5",0.25596,,,,,,,,,,,,,,,,,,,,,,,,,lognormal,,"8745,7155|1,5",0.08055,,,,,,,,,,,,,,,,,,,,,,,,,,,,,USD_2011,0,1000 LF,"HVAC Galvanized Sheet Metal Ducting -  6 sq. ft cross sectional area or greater, SDC D, E, or F (OSHPD or sim)"
D.30.41.012d,Energy,lognormal,,4425.03,0.35779,,,,,,,,,,,,,,,,,,,,,,,,,lognormal,,38459.64,0.26266,,,,,,,,,,,,,,,,,,,,,,,,,,,,,MJ,0,1000 LF,"HVAC Galvanized Sheet Metal Ducting -  6 sq. ft cross sectional area or greater, SDC D, E, or F (OSHPD or sim)"
D.30.41.012d,Time,lognormal,0,"1.22936,1.00584|1,5",0.3578,,,,,,,,,,,,,,,,,,,,,,,,,lognormal,0,"3.74119,1.87061|1,5",0.26266,,,,,,,,,,,,,,,,,,,,,,,,,,,,,worker_day,0,1000 LF,"HVAC Galvanized Sheet Metal Ducting -  6 sq. ft cross sectional area or greater, SDC D, E, or F (OSHPD or sim)"
D.30.41.031a,Carbon,normal,,729.3,0.32429,,,,,,,,,,,,,,,,,,,,,,,,,,,,,,,,,,,,,,,,,,,,,,,,,,,,,,,,,kg,0,10 EA,"HVAC Drops / Diffusers in suspended ceilings - No independent safety wires, SDC A or B"
D.30.41.031a,Cost,normal,,"3300,2700|1,5",0.20655,,,,,,,,,,,,,,,,,,,,,,,,,,,,,,,,,,,,,,,,,,,,,,,,,,,,,,,,,USD_2011,0,10 EA,"HVAC Drops / Diffusers in suspended ceilings - No independent safety wires, SDC A or B"
D.30.41.031a,Energy,normal,,7977.8,0.32429,,,,,,,,,,,,,,,,,,,,,,,,,,,,,,,,,,,,,,,,,,,,,,,,,,,,,,,,,MJ,0,10 EA,"HVAC Drops / Diffusers in suspended ceilings - No independent safety wires, SDC A or B"
D.30.41.031a,Time,normal,0,"3.88194,3.17606|1,5",0.32429,,,,,,,,,,,,,,,,,,,,,,,,,,,,,,,,,,,,,,,,,,,,,,,,,,,,,,,,,worker_day,0,10 EA,"HVAC Drops / Diffusers in suspended ceilings - No independent safety wires, SDC A or B"
D.30.41.041b,Carbon,lognormal,,5526.1,0.38604,,,,,,,,,,,,,,,,,,,,,,,,,,,,,,,,,,,,,,,,,,,,,,,,,,,,,,,,,kg,0,10 EA,"Variable Air Volume (VAV) box with in-line coil, SDC C"
D.30.41.041b,Cost,lognormal,,"16500,13500|1,5",0.29415,,,,,,,,,,,,,,,,,,,,,,,,,,,,,,,,,,,,,,,,,,,,,,,,,,,,,,,,,USD_2011,0,10 EA,"Variable Air Volume (VAV) box with in-line coil, SDC C"
D.30.41.041b,Energy,lognormal,,64986.7,0.38604,,,,,,,,,,,,,,,,,,,,,,,,,,,,,,,,,,,,,,,,,,,,,,,,,,,,,,,,,MJ,0,10 EA,"Variable Air Volume (VAV) box with in-line coil, SDC C"
D.30.41.041b,Time,lognormal,0,"19.4117,15.8823|1,5",0.38604,,,,,,,,,,,,,,,,,,,,,,,,,,,,,,,,,,,,,,,,,,,,,,,,,,,,,,,,,worker_day,0,10 EA,"Variable Air Volume (VAV) box with in-line coil, SDC C"
D.30.41.103b,Carbon,lognormal,,1419.94,0.28625,,,,,,,,,,,,,,,,,,,,,,,,,,,,,,,,,,,,,,,,,,,,,,,,,,,,,,,,,kg,0,1 EA,HVAC Fan - Capacity: all - Equipment that is either hard anchored or is vibration isolated with seismic snubbers/restraints - Equipment fragility only
D.30.41.103b,Cost,lognormal,,"2915,2385|1,5",0.13943,,,,,,,,,,,,,,,,,,,,,,,,,,,,,,,,,,,,,,,,,,,,,,,,,,,,,,,,,USD_2011,0,1 EA,HVAC Fan - Capacity: all - Equipment that is either hard anchored or is vibration isolated with seismic snubbers/restraints - Equipment fragility only
D.30.41.103b,Energy,lognormal,,16559.49,0.28625,,,,,,,,,,,,,,,,,,,,,,,,,,,,,,,,,,,,,,,,,,,,,,,,,,,,,,,,,MJ,0,1 EA,HVAC Fan - Capacity: all - Equipment that is either hard anchored or is vibration isolated with seismic snubbers/restraints - Equipment fragility only
D.30.41.103b,Time,lognormal,0,"3.42936,2.80584|1,5",0.28625,,,,,,,,,,,,,,,,,,,,,,,,,,,,,,,,,,,,,,,,,,,,,,,,,,,,,,,,,worker_day,0,1 EA,HVAC Fan - Capacity: all - Equipment that is either hard anchored or is vibration isolated with seismic snubbers/restraints - Equipment fragility only
D.30.52.013b,Carbon,lognormal,,70.65,0.2921,,,,,,,,,,,,,,,,,,,,,,,,,lognormal,,16028.86,0.29981,,,,,,,,,,,,,,,,,,,,,,,,,,,,,kg,0,1 EA,Air Handling Unit - Capacity: <5000 CFM - Equipment that is either hard anchored or is vibration isolated with seismic snubbers/restraints - Equipment fragility only
D.30.52.013b,Cost,lognormal,,"1100,900|1,5",0.15108,,,,,,,,,,,,,,,,,,,,,,,,,lognormal,,"32120,26280|1,5",0.16549,,,,,,,,,,,,,,,,,,,,,,,,,,,,,USD_2011,0,1 EA,Air Handling Unit - Capacity: <5000 CFM - Equipment that is either hard anchored or is vibration isolated with seismic snubbers/restraints - Equipment fragility only
D.30.52.013b,Energy,lognormal,,1344.48,0.2921,,,,,,,,,,,,,,,,,,,,,,,,,lognormal,,186138.86,0.29981,,,,,,,,,,,,,,,,,,,,,,,,,,,,,MJ,0,1 EA,Air Handling Unit - Capacity: <5000 CFM - Equipment that is either hard anchored or is vibration isolated with seismic snubbers/restraints - Equipment fragility only
D.30.52.013b,Time,lognormal,0,"0.470547,0.235253|1,5",0.2921,,,,,,,,,,,,,,,,,,,,,,,,,lognormal,1,"10.3059,3.43531|1,5",0.29981,,,,,,,,,,,,,,,,,,,,,,,,,,,,,worker_day,0,1 EA,Air Handling Unit - Capacity: <5000 CFM - Equipment that is either hard anchored or is vibration isolated with seismic snubbers/restraints - Equipment fragility only
D.40.11.024a,Carbon,lognormal,,33,0.69527,,,,,,,,,,,,,,,,,,,,,,,,,lognormal,,363.5,0.47626,,,,,,,,,,,,,,,,,,,,,,,,,,,,,kg,0,1000 LF,"Fire Sprinkler Water Piping - Horizontal Mains and Branches - Old Style Victaulic - Thin Wall Steel - with designed bracing, SDC D, E, or F (OSHPD or sim), PIPING FRAGILITY"
D.40.11.024a,Cost,lognormal,,"385,315|3,10",0.64877,,,,,,,,,,,,,,,,,,,,,,,,,lognormal,,"2915,2385|3,10",0.40537,,,,,,,,,,,,,,,,,,,,,,,,,,,,,USD_2011,0,1000 LF,"Fire Sprinkler Water Piping - Horizontal Mains and Branches - Old Style Victaulic - Thin Wall Steel - with designed bracing, SDC D, E, or F (OSHPD or sim), PIPING FRAGILITY"
D.40.11.024a,Energy,lognormal,,864.5,0.69527,,,,,,,,,,,,,,,,,,,,,,,,,lognormal,,9221.5,0.47626,,,,,,,,,,,,,,,,,,,,,,,,,,,,,MJ,0,1000 LF,"Fire Sprinkler Water Piping - Horizontal Mains and Branches - Old Style Victaulic - Thin Wall Steel - with designed bracing, SDC D, E, or F (OSHPD or sim), PIPING FRAGILITY"
D.40.11.024a,Time,lognormal,0,"0.451176,0.368824|3,10",0.69527,,,,,,,,,,,,,,,,,,,,,,,,,lognormal,0,"0.936765,0.313235|3,10",0.47626,,,,,,,,,,,,,,,,,,,,,,,,,,,,,worker_day,0,1000 LF,"Fire Sprinkler Water Piping - Horizontal Mains and Branches - Old Style Victaulic - Thin Wall Steel - with designed bracing, SDC D, E, or F (OSHPD or sim), PIPING FRAGILITY"
D.40.11.033a,Carbon,lognormal,,75,0.44368,,,,,,,,,,,,,,,,,,,,,,,,,,,,,,,,,,,,,,,,,,,,,,,,,,,,,,,,,kg,0,100 EA,"Fire Sprinkler Drop Standard Threaded Steel - Dropping into unbraced lay-in tile SOFT ceiling - 6 ft. long drop maximum, SDC D, E, or F"
D.40.11.033a,Cost,lognormal,,"550,450|2,5",0.36654,,,,,,,,,,,,,,,,,,,,,,,,,,,,,,,,,,,,,,,,,,,,,,,,,,,,,,,,,USD_2011,0,100 EA,"Fire Sprinkler Drop Standard Threaded Steel - Dropping into unbraced lay-in tile SOFT ceiling - 6 ft. long drop maximum, SDC D, E, or F"
D.40.11.033a,Energy,lognormal,,865,0.44368,,,,,,,,,,,,,,,,,,,,,,,,,,,,,,,,,,,,,,,,,,,,,,,,,,,,,,,,,MJ,0,100 EA,"Fire Sprinkler Drop Standard Threaded Steel - Dropping into unbraced lay-in tile SOFT ceiling - 6 ft. long drop maximum, SDC D, E, or F"
D.40.11.033a,Time,lognormal,0,"0.648824,0.531176|2,5",0.44368,,,,,,,,,,,,,,,,,,,,,,,,,,,,,,,,,,,,,,,,,,,,,,,,,,,,,,,,,worker_day,0,100 EA,"Fire Sprinkler Drop Standard Threaded Steel - Dropping into unbraced lay-in tile SOFT ceiling - 6 ft. long drop maximum, SDC D, E, or F"
D.40.11.034a,Carbon,lognormal,,75,0.44368,,,,,,,,,,,,,,,,,,,,,,,,,,,,,,,,,,,,,,,,,,,,,,,,,,,,,,,,,kg,0,100 EA,"Fire Sprinkler Drop Standard Threaded Steel - Dropping into unbraced lay-in tile SOFT ceiling - 6 ft. long drop maximum, SDC D, E, or F (OSHPD or sim)"
D.40.11.034a,Cost,lognormal,,"550,450|2,5",0.36654,,,,,,,,,,,,,,,,,,,,,,,,,,,,,,,,,,,,,,,,,,,,,,,,,,,,,,,,,USD_2011,0,100 EA,"Fire Sprinkler Drop Standard Threaded Steel - Dropping into unbraced lay-in tile SOFT ceiling - 6 ft. long drop maximum, SDC D, E, or F (OSHPD or sim)"
D.40.11.034a,Energy,lognormal,,865,0.44368,,,,,,,,,,,,,,,,,,,,,,,,,,,,,,,,,,,,,,,,,,,,,,,,,,,,,,,,,MJ,0,100 EA,"Fire Sprinkler Drop Standard Threaded Steel - Dropping into unbraced lay-in tile SOFT ceiling - 6 ft. long drop maximum, SDC D, E, or F (OSHPD or sim)"
D.40.11.034a,Time,lognormal,0,"0.648824,0.531176|2,5",0.44368,,,,,,,,,,,,,,,,,,,,,,,,,,,,,,,,,,,,,,,,,,,,,,,,,,,,,,,,,worker_day,0,100 EA,"Fire Sprinkler Drop Standard Threaded Steel - Dropping into unbraced lay-in tile SOFT ceiling - 6 ft. long drop maximum, SDC D, E, or F (OSHPD or sim)"
D.50.11.013b,Carbon,lognormal,,1674.47,0.3125,,,,,,,,,,,,,,,,,,,,,,,,,,,,,,,,,,,,,,,,,,,,,,,,,,,,,,,,,kg,0,1 EA,Transformer/primary service - Capacity: <100 kVA - Equipment that is either hard anchored or is vibration isolated with seismic snubbers/restraints - Equipment fragility only
D.50.11.013b,Cost,lognormal,,"8332.5,6817.5|1,5",0.1875,,,,,,,,,,,,,,,,,,,,,,,,,,,,,,,,,,,,,,,,,,,,,,,,,,,,,,,,,USD_2011,0,1 EA,Transformer/primary service - Capacity: <100 kVA - Equipment that is either hard anchored or is vibration isolated with seismic snubbers/restraints - Equipment fragility only
D.50.11.013b,Energy,lognormal,,30150.25,0.3125,,,,,,,,,,,,,,,,,,,,,,,,,,,,,,,,,,,,,,,,,,,,,,,,,,,,,,,,,MJ,0,1 EA,Transformer/primary service - Capacity: <100 kVA - Equipment that is either hard anchored or is vibration isolated with seismic snubbers/restraints - Equipment fragility only
D.50.11.013b,Time,lognormal,0,"7.96488,6.51672|1,5",0.3125,,,,,,,,,,,,,,,,,,,,,,,,,,,,,,,,,,,,,,,,,,,,,,,,,,,,,,,,,worker_day,0,1 EA,Transformer/primary service - Capacity: <100 kVA - Equipment that is either hard anchored or is vibration isolated with seismic snubbers/restraints - Equipment fragility only
D.50.12.013c,Carbon,normal,,865.45,0.30958,,,,,,,,,,,,,,,,,,,,,,,,,,,,,,,,,,,,,,,,,,,,,,,,,,,,,,,,,kg,0,1 EA,Motor Control Center - Capacity: all - Equipment that is either hard anchored or is vibration isolated with seismic snubbers/restraints - Equipment fragility only
D.50.12.013c,Cost,normal,,"4565,3735|1,5",0.18259,,,,,,,,,,,,,,,,,,,,,,,,,,,,,,,,,,,,,,,,,,,,,,,,,,,,,,,,,USD_2011,0,1 EA,Motor Control Center - Capacity: all - Equipment that is either hard anchored or is vibration isolated with seismic snubbers/restraints - Equipment fragility only
D.50.12.013c,Energy,normal,,16469.83,0.30958,,,,,,,,,,,,,,,,,,,,,,,,,,,,,,,,,,,,,,,,,,,,,,,,,,,,,,,,,MJ,0,1 EA,Motor Control Center - Capacity: all - Equipment that is either hard anchored or is vibration isolated with seismic snubbers/restraints - Equipment fragility only
D.50.12.013c,Time,normal,0,"5.37064,4.39416|1,5",0.30958,,,,,,,,,,,,,,,,,,,,,,,,,,,,,,,,,,,,,,,,,,,,,,,,,,,,,,,,,worker_day,0,1 EA,Motor Control Center - Capacity: all - Equipment that is either hard anchored or is vibration isolated with seismic snubbers/restraints - Equipment fragility only
D.50.12.023b,Carbon,lognormal,,1992.39,0.29532,,,,,,,,,,,,,,,,,,,,,,,,,,,,,,,,,,,,,,,,,,,,,,,,,,,,,,,,,kg,0,1 EA,Low Voltage Switchgear - Capacity: 100 to <350 Amp - Equipment that is either hard anchored or is vibration isolated with seismic snubbers/restraints - Equipment fragility only
D.50.12.023b,Cost,lognormal,,"10202.5,8347.5|1,5",0.1572,,,,,,,,,,,,,,,,,,,,,,,,,,,,,,,,,,,,,,,,,,,,,,,,,,,,,,,,,USD_2011,0,1 EA,Low Voltage Switchgear - Capacity: 100 to <350 Amp - Equipment that is either hard anchored or is vibration isolated with seismic snubbers/restraints - Equipment fragility only
D.50.12.023b,Energy,lognormal,,36200.39,0.29532,,,,,,,,,,,,,,,,,,,,,,,,,,,,,,,,,,,,,,,,,,,,,,,,,,,,,,,,,MJ,0,1 EA,Low Voltage Switchgear - Capacity: 100 to <350 Amp - Equipment that is either hard anchored or is vibration isolated with seismic snubbers/restraints - Equipment fragility only
D.50.12.023b,Time,lognormal,0,"3.27358,1.09122|1,5",0.29532,,,,,,,,,,,,,,,,,,,,,,,,,,,,,,,,,,,,,,,,,,,,,,,,,,,,,,,,,worker_day,0,1 EA,Low Voltage Switchgear - Capacity: 100 to <350 Amp - Equipment that is either hard anchored or is vibration isolated with seismic snubbers/restraints - Equipment fragility only
D.50.12.033b,Carbon,lognormal,,1992.39,0.29532,,,,,,,,,,,,,,,,,,,,,,,,,,,,,,,,,,,,,,,,,,,,,,,,,,,,,,,,,kg,0,1 EA,Distribution Panel - Capacity: 100 to <350 Amp - Equipment that is either hard anchored or is vibration isolated with seismic snubbers/restraints - Equipment fragility only
D.50.12.033b,Cost,lognormal,,"11130,7420|1,5",0.1572,,,,,,,,,,,,,,,,,,,,,,,,,,,,,,,,,,,,,,,,,,,,,,,,,,,,,,,,,USD_2011,0,1 EA,Distribution Panel - Capacity: 100 to <350 Amp - Equipment that is either hard anchored or is vibration isolated with seismic snubbers/restraints - Equipment fragility only
D.50.12.033b,Energy,lognormal,,36200.39,0.29532,,,,,,,,,,,,,,,,,,,,,,,,,,,,,,,,,,,,,,,,,,,,,,,,,,,,,,,,,MJ,0,1 EA,Distribution Panel - Capacity: 100 to <350 Amp - Equipment that is either hard anchored or is vibration isolated with seismic snubbers/restraints - Equipment fragility only
D.50.12.033b,Time,lognormal,0,"4.91025,1.22755|1,5",0.29532,,,,,,,,,,,,,,,,,,,,,,,,,,,,,,,,,,,,,,,,,,,,,,,,,,,,,,,,,worker_day,0,1 EA,Distribution Panel - Capacity: 100 to <350 Amp - Equipment that is either hard anchored or is vibration isolated with seismic snubbers/restraints - Equipment fragility only
E.10.28.001,Carbon,,,,,,,,,,,,,,,,,,,,,,,,,,,,,,,,,,,,,,,,,,,,,,,,,,,,,,,,,,,,,kg,1,1 EA,Anesthesia machine
E.10.28.001,Cost,lognormal,,7834.4,0.3,,,,,,,,,,,,,,,,,,,,,,,,,lognormal,,78344,0.3,,,,,,,,,,,,,,,,,,,,,,,,,,,,,USD_2011,0,1 EA,Anesthesia machine
E.10.28.001,Energy,,,,,,,,,,,,,,,,,,,,,,,,,,,,,,,,,,,,,,,,,,,,,,,,,,,,,,,,,,,,,MJ,1,1 EA,Anesthesia machine
E.10.28.001,Time,lognormal,0,7,0.3,,,,,,,,,,,,,,,,,,,,,,,,,lognormal,0,30,0.3,,,,,,,,,,,,,,,,,,,,,,,,,,,,,worker_day,0,1 EA,Anesthesia machine
E.10.28.002,Carbon,,,,,,,,,,,,,,,,,,,,,,,,,,,,,,,,,,,,,,,,,,,,,,,,,,,,,,,,,,,,,kg,1,1 EA,Ballon pump
E.10.28.002,Cost,lognormal,,7044.8,0.3,,,,,,,,,,,,,,,,,,,,,,,,,lognormal,,70448,0.3,,,,,,,,,,,,,,,,,,,,,,,,,,,,,USD_2011,0,1 EA,Ballon pump
E.10.28.002,Energy,,,,,,,,,,,,,,,,,,,,,,,,,,,,,,,,,,,,,,,,,,,,,,,,,,,,,,,,,,,,,MJ,1,1 EA,Ballon pump
E.10.28.002,Time,lognormal,0,7,0.3,,,,,,,,,,,,,,,,,,,,,,,,,lognormal,0,30,0.3,,,,,,,,,,,,,,,,,,,,,,,,,,,,,worker_day,0,1 EA,Ballon pump
E.10.28.003,Carbon,,,,,,,,,,,,,,,,,,,,,,,,,,,,,,,,,,,,,,,,,,,,,,,,,,,,,,,,,,,,,kg,1,1 EA,Catheter cabinet
E.10.28.003,Cost,lognormal,,543.2,0.3,,,,,,,,,,,,,,,,,,,,,,,,,lognormal,,5432,0.3,,,,,,,,,,,,,,,,,,,,,,,,,,,,,USD_2011,0,1 EA,Catheter cabinet
E.10.28.003,Energy,,,,,,,,,,,,,,,,,,,,,,,,,,,,,,,,,,,,,,,,,,,,,,,,,,,,,,,,,,,,,MJ,1,1 EA,Catheter cabinet
E.10.28.003,Time,lognormal,0,7,0.3,,,,,,,,,,,,,,,,,,,,,,,,,lognormal,0,30,0.3,,,,,,,,,,,,,,,,,,,,,,,,,,,,,worker_day,0,1 EA,Catheter cabinet
E.10.28.004,Carbon,,,,,,,,,,,,,,,,,,,,,,,,,,,,,,,,,,,,,,,,,,,,,,,,,,,,,,,,,,,,,kg,1,1 EA,Blood recovery system
E.10.28.004,Cost,lognormal,,5264,0.3,,,,,,,,,,,,,,,,,,,,,,,,,lognormal,,52640,0.3,,,,,,,,,,,,,,,,,,,,,,,,,,,,,USD_2011,0,1 EA,Blood recovery system
E.10.28.004,Energy,,,,,,,,,,,,,,,,,,,,,,,,,,,,,,,,,,,,,,,,,,,,,,,,,,,,,,,,,,,,,MJ,1,1 EA,Blood recovery system
E.10.28.004,Time,lognormal,0,7,0.3,,,,,,,,,,,,,,,,,,,,,,,,,lognormal,0,30,0.3,,,,,,,,,,,,,,,,,,,,,,,,,,,,,worker_day,0,1 EA,Blood recovery system
E.10.28.005,Carbon,,,,,,,,,,,,,,,,,,,,,,,,,,,,,,,,,,,,,,,,,,,,,,,,,,,,,,,,,,,,,kg,1,1 EA,Hypothermia system
E.10.28.005,Cost,lognormal,,4578.6,0.3,,,,,,,,,,,,,,,,,,,,,,,,,lognormal,,45786,0.3,,,,,,,,,,,,,,,,,,,,,,,,,,,,,USD_2011,0,1 EA,Hypothermia system
E.10.28.005,Energy,,,,,,,,,,,,,,,,,,,,,,,,,,,,,,,,,,,,,,,,,,,,,,,,,,,,,,,,,,,,,MJ,1,1 EA,Hypothermia system
E.10.28.005,Time,lognormal,0,7,0.3,,,,,,,,,,,,,,,,,,,,,,,,,lognormal,0,30,0.3,,,,,,,,,,,,,,,,,,,,,,,,,,,,,worker_day,0,1 EA,Hypothermia system
E.10.28.006,Carbon,,,,,,,,,,,,,,,,,,,,,,,,,,,,,,,,,,,,,,,,,,,,,,,,,,,,,,,,,,,,,kg,1,1 EA,Surgical table
E.10.28.006,Cost,lognormal,,5725.4,0.3,,,,,,,,,,,,,,,,,,,,,,,,,lognormal,,57254,0.3,,,,,,,,,,,,,,,,,,,,,,,,,,,,,USD_2011,0,1 EA,Surgical table
E.10.28.006,Energy,,,,,,,,,,,,,,,,,,,,,,,,,,,,,,,,,,,,,,,,,,,,,,,,,,,,,,,,,,,,,MJ,1,1 EA,Surgical table
E.10.28.006,Time,lognormal,0,7,0.3,,,,,,,,,,,,,,,,,,,,,,,,,lognormal,0,30,0.3,,,,,,,,,,,,,,,,,,,,,,,,,,,,,worker_day,0,1 EA,Surgical table
E.10.28.011,Carbon,,,,,,,,,,,,,,,,,,,,,,,,,,,,,,,,,,,,,,,,,,,,,,,,,,,,,,,,,,,,,kg,1,1 EA,Patient bed
E.10.28.011,Cost,lognormal,,5359.2,0.3,,,,,,,,,,,,,,,,,,,,,,,,,lognormal,,53592,0.3,,,,,,,,,,,,,,,,,,,,,,,,,,,,,USD_2011,0,1 EA,Patient bed
E.10.28.011,Energy,,,,,,,,,,,,,,,,,,,,,,,,,,,,,,,,,,,,,,,,,,,,,,,,,,,,,,,,,,,,,MJ,1,1 EA,Patient bed
E.10.28.011,Time,lognormal,0,7,0.3,,,,,,,,,,,,,,,,,,,,,,,,,lognormal,0,30,0.3,,,,,,,,,,,,,,,,,,,,,,,,,,,,,worker_day,0,1 EA,Patient bed
E.10.28.021,Carbon,,,,,,,,,,,,,,,,,,,,,,,,,,,,,,,,,,,,,,,,,,,,,,,,,,,,,,,,,,,,,kg,1,1 EA,Endoscope system
E.10.28.021,Cost,lognormal,,3528,0.3,,,,,,,,,,,,,,,,,,,,,,,,,lognormal,,35280,0.3,,,,,,,,,,,,,,,,,,,,,,,,,,,,,USD_2011,0,1 EA,Endoscope system
E.10.28.021,Energy,,,,,,,,,,,,,,,,,,,,,,,,,,,,,,,,,,,,,,,,,,,,,,,,,,,,,,,,,,,,,MJ,1,1 EA,Endoscope system
E.10.28.021,Time,lognormal,0,7,0.3,,,,,,,,,,,,,,,,,,,,,,,,,lognormal,0,30,0.3,,,,,,,,,,,,,,,,,,,,,,,,,,,,,worker_day,0,1 EA,Endoscope system
E.10.28.022,Carbon,,,,,,,,,,,,,,,,,,,,,,,,,,,,,,,,,,,,,,,,,,,,,,,,,,,,,,,,,,,,,kg,1,1 EA,Light system
E.10.28.022,Cost,lognormal,,1296.2,0.3,,,,,,,,,,,,,,,,,,,,,,,,,lognormal,,12962,0.3,,,,,,,,,,,,,,,,,,,,,,,,,,,,,USD_2011,0,1 EA,Light system
E.10.28.022,Energy,,,,,,,,,,,,,,,,,,,,,,,,,,,,,,,,,,,,,,,,,,,,,,,,,,,,,,,,,,,,,MJ,1,1 EA,Light system
E.10.28.022,Time,lognormal,0,7,0.3,,,,,,,,,,,,,,,,,,,,,,,,,lognormal,0,30,0.3,,,,,,,,,,,,,,,,,,,,,,,,,,,,,worker_day,0,1 EA,Light system
E.10.28.023,Carbon,,,,,,,,,,,,,,,,,,,,,,,,,,,,,,,,,,,,,,,,,,,,,,,,,,,,,,,,,,,,,kg,1,1 EA,Ultrasound unit
E.10.28.023,Cost,lognormal,,17472,0.3,,,,,,,,,,,,,,,,,,,,,,,,,lognormal,,174720,0.3,,,,,,,,,,,,,,,,,,,,,,,,,,,,,USD_2011,0,1 EA,Ultrasound unit
E.10.28.023,Energy,,,,,,,,,,,,,,,,,,,,,,,,,,,,,,,,,,,,,,,,,,,,,,,,,,,,,,,,,,,,,MJ,1,1 EA,Ultrasound unit
E.10.28.023,Time,lognormal,0,7,0.3,,,,,,,,,,,,,,,,,,,,,,,,,lognormal,0,30,0.3,,,,,,,,,,,,,,,,,,,,,,,,,,,,,worker_day,0,1 EA,Ultrasound unit
E.10.28.031,Carbon,,,,,,,,,,,,,,,,,,,,,,,,,,,,,,,,,,,,,,,,,,,,,,,,,,,,,,,,,,,,,kg,1,1 EA,Cryostat
E.10.28.031,Cost,lognormal,,2794.4,0.3,,,,,,,,,,,,,,,,,,,,,,,,,lognormal,,27944,0.3,,,,,,,,,,,,,,,,,,,,,,,,,,,,,USD_2011,0,1 EA,Cryostat
E.10.28.031,Energy,,,,,,,,,,,,,,,,,,,,,,,,,,,,,,,,,,,,,,,,,,,,,,,,,,,,,,,,,,,,,MJ,1,1 EA,Cryostat
E.10.28.031,Time,lognormal,0,7,0.3,,,,,,,,,,,,,,,,,,,,,,,,,lognormal,0,30,0.3,,,,,,,,,,,,,,,,,,,,,,,,,,,,,worker_day,0,1 EA,Cryostat
E.10.28.101,Carbon,,,,,,,,,,,,,,,,,,,,,,,,,,,,,,,,,,,,,,,,,,,,,,,,,,,,,,,,,,,,,kg,1,1 EA,Equipment boom
E.10.28.101,Cost,lognormal,,3399.2,0.3,,,,,,,,,,,,,,,,,,,,,,,,,lognormal,,33992,0.3,,,,,,,,,,,,,,,,,,,,,,,,,,,,,USD_2011,0,1 EA,Equipment boom
E.10.28.101,Energy,,,,,,,,,,,,,,,,,,,,,,,,,,,,,,,,,,,,,,,,,,,,,,,,,,,,,,,,,,,,,MJ,1,1 EA,Equipment boom
E.10.28.101,Time,lognormal,0,14,0.3,,,,,,,,,,,,,,,,,,,,,,,,,lognormal,0,60,0.3,,,,,,,,,,,,,,,,,,,,,,,,,,,,,worker_day,0,1 EA,Equipment boom
E.10.28.102,Carbon,,,,,,,,,,,,,,,,,,,,,,,,,,,,,,,,,,,,,,,,,,,,,,,,,,,,,,,,,,,,,kg,1,1 EA,Warming cabinet (full height)
E.10.28.102,Cost,lognormal,,1812.2,0.3,,,,,,,,,,,,,,,,,,,,,,,,,lognormal,,18122,0.3,,,,,,,,,,,,,,,,,,,,,,,,,,,,,USD_2011,0,1 EA,Warming cabinet (full height)
E.10.28.102,Energy,,,,,,,,,,,,,,,,,,,,,,,,,,,,,,,,,,,,,,,,,,,,,,,,,,,,,,,,,,,,,MJ,1,1 EA,Warming cabinet (full height)
E.10.28.102,Time,lognormal,0,14,0.3,,,,,,,,,,,,,,,,,,,,,,,,,lognormal,0,60,0.3,,,,,,,,,,,,,,,,,,,,,,,,,,,,,worker_day,0,1 EA,Warming cabinet (full height)
E.10.28.103,Carbon,,,,,,,,,,,,,,,,,,,,,,,,,,,,,,,,,,,,,,,,,,,,,,,,,,,,,,,,,,,,,kg,1,1 EA,Anesthesia boom
E.10.28.103,Cost,lognormal,,2391.2,0.3,,,,,,,,,,,,,,,,,,,,,,,,,lognormal,,23912,0.3,,,,,,,,,,,,,,,,,,,,,,,,,,,,,USD_2011,0,1 EA,Anesthesia boom
E.10.28.103,Energy,,,,,,,,,,,,,,,,,,,,,,,,,,,,,,,,,,,,,,,,,,,,,,,,,,,,,,,,,,,,,MJ,1,1 EA,Anesthesia boom
E.10.28.103,Time,lognormal,0,14,0.3,,,,,,,,,,,,,,,,,,,,,,,,,lognormal,0,60,0.3,,,,,,,,,,,,,,,,,,,,,,,,,,,,,worker_day,0,1 EA,Anesthesia boom
E.10.28.104,Carbon,,,,,,,,,,,,,,,,,,,,,,,,,,,,,,,,,,,,,,,,,,,,,,,,,,,,,,,,,,,,,kg,1,1 EA,Ice slusher
E.10.28.104,Cost,lognormal,,7274.4,0.3,,,,,,,,,,,,,,,,,,,,,,,,,lognormal,,72744,0.3,,,,,,,,,,,,,,,,,,,,,,,,,,,,,USD_2011,0,1 EA,Ice slusher
E.10.28.104,Energy,,,,,,,,,,,,,,,,,,,,,,,,,,,,,,,,,,,,,,,,,,,,,,,,,,,,,,,,,,,,,MJ,1,1 EA,Ice slusher
E.10.28.104,Time,lognormal,0,14,0.3,,,,,,,,,,,,,,,,,,,,,,,,,lognormal,0,60,0.3,,,,,,,,,,,,,,,,,,,,,,,,,,,,,worker_day,0,1 EA,Ice slusher
E.10.28.105,Carbon,,,,,,,,,,,,,,,,,,,,,,,,,,,,,,,,,,,,,,,,,,,,,,,,,,,,,,,,,,,,,kg,1,1 EA,Dual surgical light
E.10.28.105,Cost,lognormal,,3808,0.3,,,,,,,,,,,,,,,,,,,,,,,,,lognormal,,38080,0.3,,,,,,,,,,,,,,,,,,,,,,,,,,,,,USD_2011,0,1 EA,Dual surgical light
E.10.28.105,Energy,,,,,,,,,,,,,,,,,,,,,,,,,,,,,,,,,,,,,,,,,,,,,,,,,,,,,,,,,,,,,MJ,1,1 EA,Dual surgical light
E.10.28.105,Time,lognormal,0,14,0.3,,,,,,,,,,,,,,,,,,,,,,,,,lognormal,0,60,0.3,,,,,,,,,,,,,,,,,,,,,,,,,,,,,worker_day,0,1 EA,Dual surgical light
E.10.28.106,Carbon,,,,,,,,,,,,,,,,,,,,,,,,,,,,,,,,,,,,,,,,,,,,,,,,,,,,,,,,,,,,,kg,1,1 EA,Cath lab system
E.10.28.106,Cost,lognormal,,334880,0.3,,,,,,,,,,,,,,,,,,,,,,,,,lognormal,,3348800,0.3,,,,,,,,,,,,,,,,,,,,,,,,,,,,,USD_2011,0,1 EA,Cath lab system
E.10.28.106,Energy,,,,,,,,,,,,,,,,,,,,,,,,,,,,,,,,,,,,,,,,,,,,,,,,,,,,,,,,,,,,,MJ,1,1 EA,Cath lab system
E.10.28.106,Time,lognormal,0,30,0.3,,,,,,,,,,,,,,,,,,,,,,,,,lognormal,0,180,0.3,,,,,,,,,,,,,,,,,,,,,,,,,,,,,worker_day,0,1 EA,Cath lab system
E.10.28.107,Carbon,,,,,,,,,,,,,,,,,,,,,,,,,,,,,,,,,,,,,,,,,,,,,,,,,,,,,,,,,,,,,kg,1,1 EA,Sterilizer
E.10.28.107,Cost,lognormal,,17938,0.3,,,,,,,,,,,,,,,,,,,,,,,,,lognormal,,179380,0.3,,,,,,,,,,,,,,,,,,,,,,,,,,,,,USD_2011,0,1 EA,Sterilizer
E.10.28.107,Energy,,,,,,,,,,,,,,,,,,,,,,,,,,,,,,,,,,,,,,,,,,,,,,,,,,,,,,,,,,,,,MJ,1,1 EA,Sterilizer
E.10.28.107,Time,lognormal,0,14,0.3,,,,,,,,,,,,,,,,,,,,,,,,,lognormal,0,60,0.3,,,,,,,,,,,,,,,,,,,,,,,,,,,,,worker_day,0,1 EA,Sterilizer
E.10.28.108,Carbon,,,,,,,,,,,,,,,,,,,,,,,,,,,,,,,,,,,,,,,,,,,,,,,,,,,,,,,,,,,,,kg,1,1 EA,Washer / disinfector
E.10.28.108,Cost,lognormal,,13406.4,0.3,,,,,,,,,,,,,,,,,,,,,,,,,lognormal,,134064,0.3,,,,,,,,,,,,,,,,,,,,,,,,,,,,,USD_2011,0,1 EA,Washer / disinfector
E.10.28.108,Energy,,,,,,,,,,,,,,,,,,,,,,,,,,,,,,,,,,,,,,,,,,,,,,,,,,,,,,,,,,,,,MJ,1,1 EA,Washer / disinfector
E.10.28.108,Time,lognormal,0,14,0.3,,,,,,,,,,,,,,,,,,,,,,,,,lognormal,0,60,0.3,,,,,,,,,,,,,,,,,,,,,,,,,,,,,worker_day,0,1 EA,Washer / disinfector
E.10.28.201,Carbon,,,,,,,,,,,,,,,,,,,,,,,,,,,,,,,,,,,,,,,,,,,,,,,,,,,,,,,,,,,,,kg,1,1 EA,Bio safety hood (4 ft.)
E.10.28.201,Cost,lognormal,,1993.6,0.3,,,,,,,,,,,,,,,,,,,,,,,,,lognormal,,19936,0.3,,,,,,,,,,,,,,,,,,,,,,,,,,,,,USD_2011,0,1 EA,Bio safety hood (4 ft.)
E.10.28.201,Energy,,,,,,,,,,,,,,,,,,,,,,,,,,,,,,,,,,,,,,,,,,,,,,,,,,,,,,,,,,,,,MJ,1,1 EA,Bio safety hood (4 ft.)
E.10.28.201,Time,lognormal,0,7,0.3,,,,,,,,,,,,,,,,,,,,,,,,,lognormal,0,30,0.3,,,,,,,,,,,,,,,,,,,,,,,,,,,,,worker_day,0,1 EA,Bio safety hood (4 ft.)
E.10.28.202,Carbon,,,,,,,,,,,,,,,,,,,,,,,,,,,,,,,,,,,,,,,,,,,,,,,,,,,,,,,,,,,,,kg,1,1 EA,Ultrasonic cleaner (table top 5.75 gal.)
E.10.28.202,Cost,lognormal,,364,0.3,,,,,,,,,,,,,,,,,,,,,,,,,lognormal,,3640,0.3,,,,,,,,,,,,,,,,,,,,,,,,,,,,,USD_2011,0,1 EA,Ultrasonic cleaner (table top 5.75 gal.)
E.10.28.202,Energy,,,,,,,,,,,,,,,,,,,,,,,,,,,,,,,,,,,,,,,,,,,,,,,,,,,,,,,,,,,,,MJ,1,1 EA,Ultrasonic cleaner (table top 5.75 gal.)
E.10.28.202,Time,lognormal,0,7,0.3,,,,,,,,,,,,,,,,,,,,,,,,,lognormal,0,30,0.3,,,,,,,,,,,,,,,,,,,,,,,,,,,,,worker_day,0,1 EA,Ultrasonic cleaner (table top 5.75 gal.)
E.10.28.203,Carbon,,,,,,,,,,,,,,,,,,,,,,,,,,,,,,,,,,,,,,,,,,,,,,,,,,,,,,,,,,,,,kg,1,1 EA,Freezer (23.3 cu. ft.)
E.10.28.203,Cost,lognormal,,761.6,0.3,,,,,,,,,,,,,,,,,,,,,,,,,lognormal,,7616,0.3,,,,,,,,,,,,,,,,,,,,,,,,,,,,,USD_2011,0,1 EA,Freezer (23.3 cu. ft.)
E.10.28.203,Energy,,,,,,,,,,,,,,,,,,,,,,,,,,,,,,,,,,,,,,,,,,,,,,,,,,,,,,,,,,,,,MJ,1,1 EA,Freezer (23.3 cu. ft.)
E.10.28.203,Time,lognormal,0,7,0.3,,,,,,,,,,,,,,,,,,,,,,,,,lognormal,0,30,0.3,,,,,,,,,,,,,,,,,,,,,,,,,,,,,worker_day,0,1 EA,Freezer (23.3 cu. ft.)
E.10.28.204,Carbon,,,,,,,,,,,,,,,,,,,,,,,,,,,,,,,,,,,,,,,,,,,,,,,,,,,,,,,,,,,,,kg,1,1 EA,Laminar flow hood (6ft.)
E.10.28.204,Cost,lognormal,,865.2,0.3,,,,,,,,,,,,,,,,,,,,,,,,,lognormal,,8652,0.3,,,,,,,,,,,,,,,,,,,,,,,,,,,,,USD_2011,0,1 EA,Laminar flow hood (6ft.)
E.10.28.204,Energy,,,,,,,,,,,,,,,,,,,,,,,,,,,,,,,,,,,,,,,,,,,,,,,,,,,,,,,,,,,,,MJ,1,1 EA,Laminar flow hood (6ft.)
E.10.28.204,Time,lognormal,0,7,0.3,,,,,,,,,,,,,,,,,,,,,,,,,lognormal,0,30,0.3,,,,,,,,,,,,,,,,,,,,,,,,,,,,,worker_day,0,1 EA,Laminar flow hood (6ft.)
E.10.28.205,Carbon,,,,,,,,,,,,,,,,,,,,,,,,,,,,,,,,,,,,,,,,,,,,,,,,,,,,,,,,,,,,,kg,1,1 EA,Decontamination washer
E.10.28.205,Cost,lognormal,,2800,0.3,,,,,,,,,,,,,,,,,,,,,,,,,lognormal,,28000,0.3,,,,,,,,,,,,,,,,,,,,,,,,,,,,,USD_2011,0,1 EA,Decontamination washer
E.10.28.205,Energy,,,,,,,,,,,,,,,,,,,,,,,,,,,,,,,,,,,,,,,,,,,,,,,,,,,,,,,,,,,,,MJ,1,1 EA,Decontamination washer
E.10.28.205,Time,lognormal,0,7,0.3,,,,,,,,,,,,,,,,,,,,,,,,,lognormal,0,30,0.3,,,,,,,,,,,,,,,,,,,,,,,,,,,,,worker_day,0,1 EA,Decontamination washer
E.10.28.212,Carbon,,,,,,,,,,,,,,,,,,,,,,,,,,,,,,,,,,,,,,,,,,,,,,,,,,,,,,,,,,,,,kg,1,1 EA,Breathing circuit dryer (single cabinet)
E.10.28.212,Cost,lognormal,,1024.8,0.3,,,,,,,,,,,,,,,,,,,,,,,,,lognormal,,10248,0.3,,,,,,,,,,,,,,,,,,,,,,,,,,,,,USD_2011,0,1 EA,Breathing circuit dryer (single cabinet)
E.10.28.212,Energy,,,,,,,,,,,,,,,,,,,,,,,,,,,,,,,,,,,,,,,,,,,,,,,,,,,,,,,,,,,,,MJ,1,1 EA,Breathing circuit dryer (single cabinet)
E.10.28.212,Time,lognormal,0,7,0.3,,,,,,,,,,,,,,,,,,,,,,,,,lognormal,0,30,0.3,,,,,,,,,,,,,,,,,,,,,,,,,,,,,worker_day,0,1 EA,Breathing circuit dryer (single cabinet)
E.10.28.221,Carbon,,,,,,,,,,,,,,,,,,,,,,,,,,,,,,,,,,,,,,,,,,,,,,,,,,,,,,,,,,,,,kg,1,1 EA,Chemistry analyzer
E.10.28.221,Cost,lognormal,,43618.1,0.3,,,,,,,,,,,,,,,,,,,,,,,,,lognormal,,436181,0.3,,,,,,,,,,,,,,,,,,,,,,,,,,,,,USD_2011,0,1 EA,Chemistry analyzer
E.10.28.221,Energy,,,,,,,,,,,,,,,,,,,,,,,,,,,,,,,,,,,,,,,,,,,,,,,,,,,,,,,,,,,,,MJ,1,1 EA,Chemistry analyzer
E.10.28.221,Time,lognormal,0,14,0.3,,,,,,,,,,,,,,,,,,,,,,,,,lognormal,0,60,0.3,,,,,,,,,,,,,,,,,,,,,,,,,,,,,worker_day,0,1 EA,Chemistry analyzer
E.10.28.301,Carbon,,,,,,,,,,,,,,,,,,,,,,,,,,,,,,,,,,,,,,,,,,,,,,,,,,,,,,,,,,,,,kg,1,1 EA,Headwall
E.10.28.301,Cost,lognormal,,526.4,0.3,,,,,,,,,,,,,,,,,,,,,,,,,lognormal,,5264,0.3,,,,,,,,,,,,,,,,,,,,,,,,,,,,,USD_2011,0,1 EA,Headwall
E.10.28.301,Energy,,,,,,,,,,,,,,,,,,,,,,,,,,,,,,,,,,,,,,,,,,,,,,,,,,,,,,,,,,,,,MJ,1,1 EA,Headwall
E.10.28.301,Time,lognormal,0,7,0.3,,,,,,,,,,,,,,,,,,,,,,,,,lognormal,0,30,0.3,,,,,,,,,,,,,,,,,,,,,,,,,,,,,worker_day,0,1 EA,Headwall
E.10.28.311,Carbon,,,,,,,,,,,,,,,,,,,,,,,,,,,,,,,,,,,,,,,,,,,,,,,,,,,,,,,,,,,,,kg,1,1 EA,Ice dispenser
E.10.28.311,Cost,lognormal,,840,0.3,,,,,,,,,,,,,,,,,,,,,,,,,lognormal,,8400,0.3,,,,,,,,,,,,,,,,,,,,,,,,,,,,,USD_2011,0,1 EA,Ice dispenser
E.10.28.311,Energy,,,,,,,,,,,,,,,,,,,,,,,,,,,,,,,,,,,,,,,,,,,,,,,,,,,,,,,,,,,,,MJ,1,1 EA,Ice dispenser
E.10.28.311,Time,lognormal,0,7,0.3,,,,,,,,,,,,,,,,,,,,,,,,,lognormal,0,30,0.3,,,,,,,,,,,,,,,,,,,,,,,,,,,,,worker_day,0,1 EA,Ice dispenser
E.10.28.321,Carbon,,,,,,,,,,,,,,,,,,,,,,,,,,,,,,,,,,,,,,,,,,,,,,,,,,,,,,,,,,,,,kg,1,1 EA,Under counter refrigerator
E.10.28.321,Cost,lognormal,,246.4,0.3,,,,,,,,,,,,,,,,,,,,,,,,,lognormal,,2464,0.3,,,,,,,,,,,,,,,,,,,,,,,,,,,,,USD_2011,0,1 EA,Under counter refrigerator
E.10.28.321,Energy,,,,,,,,,,,,,,,,,,,,,,,,,,,,,,,,,,,,,,,,,,,,,,,,,,,,,,,,,,,,,MJ,1,1 EA,Under counter refrigerator
E.10.28.321,Time,lognormal,0,7,0.3,,,,,,,,,,,,,,,,,,,,,,,,,lognormal,0,30,0.3,,,,,,,,,,,,,,,,,,,,,,,,,,,,,worker_day,0,1 EA,Under counter refrigerator
E.10.28.331,Carbon,,,,,,,,,,,,,,,,,,,,,,,,,,,,,,,,,,,,,,,,,,,,,,,,,,,,,,,,,,,,,kg,1,1 EA,Refrigerator (49 cu. ft.)
E.10.28.331,Cost,lognormal,,820.8,0.3,,,,,,,,,,,,,,,,,,,,,,,,,lognormal,,8208,0.3,,,,,,,,,,,,,,,,,,,,,,,,,,,,,USD_2011,0,1 EA,Refrigerator (49 cu. ft.)
E.10.28.331,Energy,,,,,,,,,,,,,,,,,,,,,,,,,,,,,,,,,,,,,,,,,,,,,,,,,,,,,,,,,,,,,MJ,1,1 EA,Refrigerator (49 cu. ft.)
E.10.28.331,Time,lognormal,0,7,0.3,,,,,,,,,,,,,,,,,,,,,,,,,lognormal,0,30,0.3,,,,,,,,,,,,,,,,,,,,,,,,,,,,,worker_day,0,1 EA,Refrigerator (49 cu. ft.)
E.10.28.341,Carbon,,,,,,,,,,,,,,,,,,,,,,,,,,,,,,,,,,,,,,,,,,,,,,,,,,,,,,,,,,,,,kg,1,1 EA,Medstation (6-drawer)
E.10.28.341,Cost,lognormal,,6222.7,0.3,,,,,,,,,,,,,,,,,,,,,,,,,lognormal,,62227,0.3,,,,,,,,,,,,,,,,,,,,,,,,,,,,,USD_2011,0,1 EA,Medstation (6-drawer)
E.10.28.341,Energy,,,,,,,,,,,,,,,,,,,,,,,,,,,,,,,,,,,,,,,,,,,,,,,,,,,,,,,,,,,,,MJ,1,1 EA,Medstation (6-drawer)
E.10.28.341,Time,lognormal,0,14,0.3,,,,,,,,,,,,,,,,,,,,,,,,,lognormal,0,60,0.3,,,,,,,,,,,,,,,,,,,,,,,,,,,,,worker_day,0,1 EA,Medstation (6-drawer)
E.10.28.401,Carbon,,,,,,,,,,,,,,,,,,,,,,,,,,,,,,,,,,,,,,,,,,,,,,,,,,,,,,,,,,,,,kg,1,1 EA,Imaging system (16 slice CT)
E.10.28.401,Cost,lognormal,,116480,0.3,,,,,,,,,,,,,,,,,,,,,,,,,lognormal,,1164800,0.3,,,,,,,,,,,,,,,,,,,,,,,,,,,,,USD_2011,0,1 EA,Imaging system (16 slice CT)
E.10.28.401,Energy,,,,,,,,,,,,,,,,,,,,,,,,,,,,,,,,,,,,,,,,,,,,,,,,,,,,,,,,,,,,,MJ,1,1 EA,Imaging system (16 slice CT)
E.10.28.401,Time,lognormal,0,30,0.3,,,,,,,,,,,,,,,,,,,,,,,,,lognormal,0,180,0.3,,,,,,,,,,,,,,,,,,,,,,,,,,,,,worker_day,0,1 EA,Imaging system (16 slice CT)
E.10.28.403,Carbon,,,,,,,,,,,,,,,,,,,,,,,,,,,,,,,,,,,,,,,,,,,,,,,,,,,,,,,,,,,,,kg,1,1 EA,CT C-Arm (digital)
E.10.28.403,Cost,lognormal,,25200,0.3,,,,,,,,,,,,,,,,,,,,,,,,,lognormal,,252000,0.3,,,,,,,,,,,,,,,,,,,,,,,,,,,,,USD_2011,0,1 EA,CT C-Arm (digital)
E.10.28.403,Energy,,,,,,,,,,,,,,,,,,,,,,,,,,,,,,,,,,,,,,,,,,,,,,,,,,,,,,,,,,,,,MJ,1,1 EA,CT C-Arm (digital)
E.10.28.403,Time,lognormal,0,30,0.3,,,,,,,,,,,,,,,,,,,,,,,,,lognormal,0,180,0.3,,,,,,,,,,,,,,,,,,,,,,,,,,,,,worker_day,0,1 EA,CT C-Arm (digital)
E.10.28.411,Carbon,,,,,,,,,,,,,,,,,,,,,,,,,,,,,,,,,,,,,,,,,,,,,,,,,,,,,,,,,,,,,kg,1,1 EA,MRI system
E.10.28.411,Cost,lognormal,,247520,0.3,,,,,,,,,,,,,,,,,,,,,,,,,lognormal,,2475200,0.3,,,,,,,,,,,,,,,,,,,,,,,,,,,,,USD_2011,0,1 EA,MRI system
E.10.28.411,Energy,,,,,,,,,,,,,,,,,,,,,,,,,,,,,,,,,,,,,,,,,,,,,,,,,,,,,,,,,,,,,MJ,1,1 EA,MRI system
E.10.28.411,Time,lognormal,0,30,0.3,,,,,,,,,,,,,,,,,,,,,,,,,lognormal,0,180,0.3,,,,,,,,,,,,,,,,,,,,,,,,,,,,,worker_day,0,1 EA,MRI system
E.10.28.421,Carbon,,,,,,,,,,,,,,,,,,,,,,,,,,,,,,,,,,,,,,,,,,,,,,,,,,,,,,,,,,,,,kg,1,1 EA,Laser imaging
E.10.28.421,Cost,lognormal,,7840,0.3,,,,,,,,,,,,,,,,,,,,,,,,,lognormal,,78400,0.3,,,,,,,,,,,,,,,,,,,,,,,,,,,,,USD_2011,0,1 EA,Laser imaging
E.10.28.421,Energy,,,,,,,,,,,,,,,,,,,,,,,,,,,,,,,,,,,,,,,,,,,,,,,,,,,,,,,,,,,,,MJ,1,1 EA,Laser imaging
E.10.28.421,Time,lognormal,0,7,0.3,,,,,,,,,,,,,,,,,,,,,,,,,lognormal,0,30,0.3,,,,,,,,,,,,,,,,,,,,,,,,,,,,,worker_day,0,1 EA,Laser imaging
E.10.28.431,Carbon,,,,,,,,,,,,,,,,,,,,,,,,,,,,,,,,,,,,,,,,,,,,,,,,,,,,,,,,,,,,,kg,1,1 EA,X-Ray system (digital)
E.10.28.431,Cost,lognormal,,65520,0.3,,,,,,,,,,,,,,,,,,,,,,,,,lognormal,,655200,0.3,,,,,,,,,,,,,,,,,,,,,,,,,,,,,USD_2011,0,1 EA,X-Ray system (digital)
E.10.28.431,Energy,,,,,,,,,,,,,,,,,,,,,,,,,,,,,,,,,,,,,,,,,,,,,,,,,,,,,,,,,,,,,MJ,1,1 EA,X-Ray system (digital)
E.10.28.431,Time,lognormal,0,30,0.3,,,,,,,,,,,,,,,,,,,,,,,,,lognormal,0,180,0.3,,,,,,,,,,,,,,,,,,,,,,,,,,,,,worker_day,0,1 EA,X-Ray system (digital)
E.10.28.501,Carbon,,,,,,,,,,,,,,,,,,,,,,,,,,,,,,,,,,,,,,,,,,,,,,,,,,,,,,,,,,,,,kg,1,1 EA,Shelving system (single 5 ft. unit)
E.10.28.501,Cost,lognormal,,131.6,0.3,,,,,,,,,,,,,,,,,,,,,,,,,lognormal,,1316,0.3,,,,,,,,,,,,,,,,,,,,,,,,,,,,,USD_2011,0,1 EA,Shelving system (single 5 ft. unit)
E.10.28.501,Energy,,,,,,,,,,,,,,,,,,,,,,,,,,,,,,,,,,,,,,,,,,,,,,,,,,,,,,,,,,,,,MJ,1,1 EA,Shelving system (single 5 ft. unit)
E.10.28.501,Time,lognormal,0,7,0.3,,,,,,,,,,,,,,,,,,,,,,,,,lognormal,0,30,0.3,,,,,,,,,,,,,,,,,,,,,,,,,,,,,worker_day,0,1 EA,Shelving system (single 5 ft. unit)
E.20.22.001,Carbon,,,,,,,,,,,,,,,,,,,,,,,,,,,,,,,,,,,,,,,,,,,,,,,,,,,,,,,,,,,,,kg,1,1 EA,Modular office work stations.  
E.20.22.001,Cost,lognormal,,"2800,2200|1,5",0.4,,,,,,,,,,,,,,,,,,,,,,,,,lognormal,,,,,,,,,,,,,,,,,,,,,,,,,,,,,,,,USD_2011,0,1 EA,Modular office work stations.  
E.20.22.001,Energy,,,,,,,,,,,,,,,,,,,,,,,,,,,,,,,,,,,,,,,,,,,,,,,,,,,,,,,,,,,,,MJ,1,1 EA,Modular office work stations.  
E.20.22.001,Time,lognormal,0,2,0.4,,,,,,,,,,,,,,,,,,,,,,,,,lognormal,,,,,,,,,,,,,,,,,,,,,,,,,,,,,,,,worker_day,0,1 EA,Modular office work stations.  
E.20.22.023,Carbon,,,,,,,,,,,,,,,,,,,,,,,,,,,,,,,,,,,,,,,,,,,,,,,,,,,,,,,,,,,,,kg,1,1 EA,"Desktop electronics including computers, monitors, stereos, etc, smooth surface"
E.20.22.023,Cost,lognormal,,"2000,1750|1,5",0.4,,,,,,,,,,,,,,,,,,,,,,,,,lognormal,,,,,,,,,,,,,,,,,,,,,,,,,,,,,,,,USD_2011,0,1 EA,"Desktop electronics including computers, monitors, stereos, etc, smooth surface"
E.20.22.023,Energy,,,,,,,,,,,,,,,,,,,,,,,,,,,,,,,,,,,,,,,,,,,,,,,,,,,,,,,,,,,,,MJ,1,1 EA,"Desktop electronics including computers, monitors, stereos, etc, smooth surface"
E.20.22.023,Time,lognormal,0,2,0.4,,,,,,,,,,,,,,,,,,,,,,,,,lognormal,,,,,,,,,,,,,,,,,,,,,,,,,,,,,,,,worker_day,0,1 EA,"Desktop electronics including computers, monitors, stereos, etc, smooth surface"
E.20.22.102b,Carbon,,,,,,,,,,,,,,,,,,,,,,,,,,,,,,,,,,,,,,,,,,,,,,,,,,,,,,,,,,,,,kg,1,1 EA,"Bookcase, 2 shelves, anchored laterally"
E.20.22.102b,Cost,lognormal,,"800,500|1,5",0.5,,,,,,,,,,,,,,,,,,,,,,,,,lognormal,,,,,,,,,,,,,,,,,,,,,,,,,,,,,,,,USD_2011,0,1 EA,"Bookcase, 2 shelves, anchored laterally"
E.20.22.102b,Energy,,,,,,,,,,,,,,,,,,,,,,,,,,,,,,,,,,,,,,,,,,,,,,,,,,,,,,,,,,,,,MJ,1,1 EA,"Bookcase, 2 shelves, anchored laterally"
E.20.22.102b,Time,lognormal,0,3,0.5,,,,,,,,,,,,,,,,,,,,,,,,,lognormal,,,,,,,,,,,,,,,,,,,,,,,,,,,,,,,,worker_day,0,1 EA,"Bookcase, 2 shelves, anchored laterally"
E.20.22.112a,Carbon,,,,,,,,,,,,,,,,,,,,,,,,,,,,,,,,,,,,,,,,,,,,,,,,,,,,,,,,,,,,,kg,1,1 EA,"Vertical Filing Cabinet, 2 drawer, unanchored laterally"
E.20.22.112a,Cost,lognormal,,"500,300|1,5",0.5,,,,,,,,,,,,,,,,,,,,,,,,,lognormal,,,,,,,,,,,,,,,,,,,,,,,,,,,,,,,,USD_2011,0,1 EA,"Vertical Filing Cabinet, 2 drawer, unanchored laterally"
E.20.22.112a,Energy,,,,,,,,,,,,,,,,,,,,,,,,,,,,,,,,,,,,,,,,,,,,,,,,,,,,,,,,,,,,,MJ,1,1 EA,"Vertical Filing Cabinet, 2 drawer, unanchored laterally"
E.20.22.112a,Time,lognormal,0,3,0.5,,,,,,,,,,,,,,,,,,,,,,,,,lognormal,,,,,,,,,,,,,,,,,,,,,,,,,,,,,,,,worker_day,0,1 EA,"Vertical Filing Cabinet, 2 drawer, unanchored laterally"
